<?xml version="1.0" encoding="UTF-8"?>
<metadata xml:lang="en"><Esri><CreaDate>20170315</CreaDate><CreaTime>15285500</CreaTime><ArcGISFormat>1.0</ArcGISFormat><SyncOnce>FALSE</SyncOnce><DataProperties><lineage><Process Name="Feature Class to Feature Class (3)" ToolSource="c:\program files (x86)\arcgis\desktop10.4\ArcToolbox\Toolboxes\Conversion Tools.tbx\FeatureClassToFeatureClass" Date="20170315" Time="152855">FeatureClassToFeatureClass "Current Situation\Sierra Leone_CS\Sierra Leone_CS" "M:\Food Insecurity Mapping\Website Shapefiles\2017-02\WA\National Shapefiles" SL_Export.shp # "COUNTRY "COUNTRY" true true false 2 Text 0 0 ,First,#,Current Status (Apr 2015)\Sierra Leone_CS\Sierra Leone_CS,SL_Admin2_LHZ_2016.COUNTRY,-1,-1;ADMIN1 "ADMIN1" true true false 50 Text 0 0 ,First,#,Current Status (Apr 2015)\Sierra Leone_CS\Sierra Leone_CS,SL_Admin2_LHZ_2016.ADMIN1,-1,-1;ADMIN2 "ADMIN2" true true false 50 Text 0 0 ,First,#,Current Status (Apr 2015)\Sierra Leone_CS\Sierra Leone_CS,SL_Admin2_LHZ_2016.ADMIN2,-1,-1;LZCODE "LZCODE" true true false 4 Text 0 0 ,First,#,Current Status (Apr 2015)\Sierra Leone_CS\Sierra Leone_CS,SL_Admin2_LHZ_2016.LZCODE,-1,-1;CS "CS" true true false 8 Double 6 15 ,First,#,Current Status (Apr 2015)\Sierra Leone_CS\Sierra Leone_CS,SL_DATA.CS,-1,-1;ML1 "ML1" true true false 8 Double 6 15 ,First,#,Current Status (Apr 2015)\Sierra Leone_CS\Sierra Leone_CS,SL_DATA.ML1,-1,-1;ML2 "ML2" true true false 8 Double 6 15 ,First,#,Current Status (Apr 2015)\Sierra Leone_CS\Sierra Leone_CS,SL_DATA.ML2,-1,-1;HA0 "HA0" true true false 8 Double 6 15 ,First,#,Current Status (Apr 2015)\Sierra Leone_CS\Sierra Leone_CS,SL_DATA.HA0,-1,-1;HA1 "HA1" true true false 8 Double 6 15 ,First,#,Current Status (Apr 2015)\Sierra Leone_CS\Sierra Leone_CS,SL_DATA.HA1,-1,-1;HA2 "HA2" true true false 8 Double 6 15 ,First,#,Current Status (Apr 2015)\Sierra Leone_CS\Sierra Leone_CS,SL_DATA.HA2,-1,-1" #</Process><Process Name="Merge" ToolSource="c:\program files (x86)\arcgis\desktop10.4\ArcToolbox\Toolboxes\Data Management Tools.tbx\Merge" Date="20170315" Time="152859">Merge 'M:\Food Insecurity Mapping\Website Shapefiles\2017-02\WA\National Shapefiles\SL_Export.shp';'M:\Food Insecurity Mapping\Website Shapefiles\2017-02\WA\National Shapefiles\NE_Export.shp';'M:\Food Insecurity Mapping\Website Shapefiles\2017-02\WA\National Shapefiles\MR_Export.shp';'M:\Food Insecurity Mapping\Website Shapefiles\2017-02\WA\National Shapefiles\ML_Export.shp';'M:\Food Insecurity Mapping\Website Shapefiles\2017-02\WA\National Shapefiles\GN_Export.shp';'M:\Food Insecurity Mapping\Website Shapefiles\2017-02\WA\National Shapefiles\SL_Export.shp';'M:\Food Insecurity Mapping\Website Shapefiles\2017-02\WA\National Shapefiles\BF_Export.shp';'M:\Food Insecurity Mapping\Website Shapefiles\2017-02\WA\National Shapefiles\TD_Export.shp';'M:\Food Insecurity Mapping\Website Shapefiles\2017-02\WA\National Shapefiles\LR_Shapefile.shp';'M:\Food Insecurity Mapping\Website Shapefiles\2017-02\WA\National Shapefiles\NG_Output.shp' "M:\Food Insecurity Mapping\Website Shapefiles\2016-02\WA\Regional Shapefiles\WA_Merge.shp" "COUNTRY_ "COUNTRY_" true true false 2 Text 0 0 ,First,#,M:\Food Insecurity Mapping\Website Shapefiles\2017-02\WA\National Shapefiles\SL_Export.shp,COUNTRY_,-1,-1;ADMIN1 "ADMIN1" true true false 50 Text 0 0 ,First,#,M:\Food Insecurity Mapping\Website Shapefiles\2017-02\WA\National Shapefiles\SL_Export.shp,ADMIN1,-1,-1,M:\Food Insecurity Mapping\Website Shapefiles\2017-02\WA\National Shapefiles\NE_Export.shp,ADMIN1,-1,-1,M:\Food Insecurity Mapping\Website Shapefiles\2017-02\WA\National Shapefiles\MR_Export.shp,ADMIN1,-1,-1,M:\Food Insecurity Mapping\Website Shapefiles\2017-02\WA\National Shapefiles\ML_Export.shp,ADMIN1,-1,-1,M:\Food Insecurity Mapping\Website Shapefiles\2017-02\WA\National Shapefiles\GN_Export.shp,ADMIN1,-1,-1,M:\Food Insecurity Mapping\Website Shapefiles\2017-02\WA\National Shapefiles\SL_Export.shp,ADMIN1,-1,-1,M:\Food Insecurity Mapping\Website Shapefiles\2017-02\WA\National Shapefiles\BF_Export.shp,ADMIN1,-1,-1,M:\Food Insecurity Mapping\Website Shapefiles\2017-02\WA\National Shapefiles\TD_Export.shp,ADMIN1,-1,-1,M:\Food Insecurity Mapping\Website Shapefiles\2017-02\WA\National Shapefiles\LR_Shapefile.shp,ADMIN1,-1,-1,M:\Food Insecurity Mapping\Website Shapefiles\2017-02\WA\National Shapefiles\NG_Output.shp,ADMIN1,-1,-1;ADMIN2 "ADMIN2" true true false 50 Text 0 0 ,First,#,M:\Food Insecurity Mapping\Website Shapefiles\2017-02\WA\National Shapefiles\SL_Export.shp,ADMIN2,-1,-1,M:\Food Insecurity Mapping\Website Shapefiles\2017-02\WA\National Shapefiles\NE_Export.shp,ADMIN2,-1,-1,M:\Food Insecurity Mapping\Website Shapefiles\2017-02\WA\National Shapefiles\MR_Export.shp,ADMIN2,-1,-1,M:\Food Insecurity Mapping\Website Shapefiles\2017-02\WA\National Shapefiles\ML_Export.shp,ADMIN2,-1,-1,M:\Food Insecurity Mapping\Website Shapefiles\2017-02\WA\National Shapefiles\SL_Export.shp,ADMIN2,-1,-1,M:\Food Insecurity Mapping\Website Shapefiles\2017-02\WA\National Shapefiles\BF_Export.shp,ADMIN2,-1,-1,M:\Food Insecurity Mapping\Website Shapefiles\2017-02\WA\National Shapefiles\TD_Export.shp,ADMIN2,-1,-1,M:\Food Insecurity Mapping\Website Shapefiles\2017-02\WA\National Shapefiles\LR_Shapefile.shp,ADMIN2,-1,-1,M:\Food Insecurity Mapping\Website Shapefiles\2017-02\WA\National Shapefiles\NG_Output.shp,ADMIN2,-1,-1;LZCODE "LZCODE" true true false 4 Text 0 0 ,First,#,M:\Food Insecurity Mapping\Website Shapefiles\2017-02\WA\National Shapefiles\SL_Export.shp,LZCODE,-1,-1,M:\Food Insecurity Mapping\Website Shapefiles\2017-02\WA\National Shapefiles\NE_Export.shp,LZCODE,-1,-1,M:\Food Insecurity Mapping\Website Shapefiles\2017-02\WA\National Shapefiles\MR_Export.shp,LZCODE,-1,-1,M:\Food Insecurity Mapping\Website Shapefiles\2017-02\WA\National Shapefiles\ML_Export.shp,LZCODE,-1,-1,M:\Food Insecurity Mapping\Website Shapefiles\2017-02\WA\National Shapefiles\GN_Export.shp,LZCODE,-1,-1,M:\Food Insecurity Mapping\Website Shapefiles\2017-02\WA\National Shapefiles\SL_Export.shp,LZCODE,-1,-1,M:\Food Insecurity Mapping\Website Shapefiles\2017-02\WA\National Shapefiles\BF_Export.shp,LZCODE,-1,-1,M:\Food Insecurity Mapping\Website Shapefiles\2017-02\WA\National Shapefiles\TD_Export.shp,LZCODE,-1,-1,M:\Food Insecurity Mapping\Website Shapefiles\2017-02\WA\National Shapefiles\LR_Shapefile.shp,LZCODE,-1,-1,M:\Food Insecurity Mapping\Website Shapefiles\2017-02\WA\National Shapefiles\NG_Output.shp,LZCODE,-1,-1;CS "CS" true true false 19 Double 0 0 ,First,#,M:\Food Insecurity Mapping\Website Shapefiles\2017-02\WA\National Shapefiles\SL_Export.shp,CS,-1,-1,M:\Food Insecurity Mapping\Website Shapefiles\2017-02\WA\National Shapefiles\NE_Export.shp,CS,-1,-1,M:\Food Insecurity Mapping\Website Shapefiles\2017-02\WA\National Shapefiles\MR_Export.shp,CS,-1,-1,M:\Food Insecurity Mapping\Website Shapefiles\2017-02\WA\National Shapefiles\ML_Export.shp,CS,-1,-1,M:\Food Insecurity Mapping\Website Shapefiles\2017-02\WA\National Shapefiles\GN_Export.shp,CS,-1,-1,M:\Food Insecurity Mapping\Website Shapefiles\2017-02\WA\National Shapefiles\SL_Export.shp,CS,-1,-1,M:\Food Insecurity Mapping\Website Shapefiles\2017-02\WA\National Shapefiles\BF_Export.shp,CS,-1,-1,M:\Food Insecurity Mapping\Website Shapefiles\2017-02\WA\National Shapefiles\TD_Export.shp,CS,-1,-1,M:\Food Insecurity Mapping\Website Shapefiles\2017-02\WA\National Shapefiles\LR_Shapefile.shp,CS,-1,-1,M:\Food Insecurity Mapping\Website Shapefiles\2017-02\WA\National Shapefiles\NG_Output.shp,CS,-1,-1;ML1 "ML1" true true false 19 Double 0 0 ,First,#,M:\Food Insecurity Mapping\Website Shapefiles\2017-02\WA\National Shapefiles\SL_Export.shp,ML1,-1,-1,M:\Food Insecurity Mapping\Website Shapefiles\2017-02\WA\National Shapefiles\NE_Export.shp,ML1,-1,-1,M:\Food Insecurity Mapping\Website Shapefiles\2017-02\WA\National Shapefiles\MR_Export.shp,ML1,-1,-1,M:\Food Insecurity Mapping\Website Shapefiles\2017-02\WA\National Shapefiles\ML_Export.shp,ML1,-1,-1,M:\Food Insecurity Mapping\Website Shapefiles\2017-02\WA\National Shapefiles\GN_Export.shp,ML1,-1,-1,M:\Food Insecurity Mapping\Website Shapefiles\2017-02\WA\National Shapefiles\SL_Export.shp,ML1,-1,-1,M:\Food Insecurity Mapping\Website Shapefiles\2017-02\WA\National Shapefiles\BF_Export.shp,ML1,-1,-1,M:\Food Insecurity Mapping\Website Shapefiles\2017-02\WA\National Shapefiles\TD_Export.shp,ML1,-1,-1,M:\Food Insecurity Mapping\Website Shapefiles\2017-02\WA\National Shapefiles\LR_Shapefile.shp,ML1,-1,-1,M:\Food Insecurity Mapping\Website Shapefiles\2017-02\WA\National Shapefiles\NG_Output.shp,ML1,-1,-1;ML2 "ML2" true true false 19 Double 0 0 ,First,#,M:\Food Insecurity Mapping\Website Shapefiles\2017-02\WA\National Shapefiles\SL_Export.shp,ML2,-1,-1,M:\Food Insecurity Mapping\Website Shapefiles\2017-02\WA\National Shapefiles\NE_Export.shp,ML2,-1,-1,M:\Food Insecurity Mapping\Website Shapefiles\2017-02\WA\National Shapefiles\MR_Export.shp,ML2,-1,-1,M:\Food Insecurity Mapping\Website Shapefiles\2017-02\WA\National Shapefiles\ML_Export.shp,ML2,-1,-1,M:\Food Insecurity Mapping\Website Shapefiles\2017-02\WA\National Shapefiles\GN_Export.shp,ML2,-1,-1,M:\Food Insecurity Mapping\Website Shapefiles\2017-02\WA\National Shapefiles\SL_Export.shp,ML2,-1,-1,M:\Food Insecurity Mapping\Website Shapefiles\2017-02\WA\National Shapefiles\BF_Export.shp,ML2,-1,-1,M:\Food Insecurity Mapping\Website Shapefiles\2017-02\WA\National Shapefiles\TD_Export.shp,ML2,-1,-1,M:\Food Insecurity Mapping\Website Shapefiles\2017-02\WA\National Shapefiles\LR_Shapefile.shp,ML2,-1,-1,M:\Food Insecurity Mapping\Website Shapefiles\2017-02\WA\National Shapefiles\NG_Output.shp,ML2,-1,-1;HA0 "HA0" true true false 19 Double 0 0 ,First,#,M:\Food Insecurity Mapping\Website Shapefiles\2017-02\WA\National Shapefiles\SL_Export.shp,HA0,-1,-1,M:\Food Insecurity Mapping\Website Shapefiles\2017-02\WA\National Shapefiles\NE_Export.shp,HA0,-1,-1,M:\Food Insecurity Mapping\Website Shapefiles\2017-02\WA\National Shapefiles\MR_Export.shp,HA0,-1,-1,M:\Food Insecurity Mapping\Website Shapefiles\2017-02\WA\National Shapefiles\ML_Export.shp,HA0,-1,-1,M:\Food Insecurity Mapping\Website Shapefiles\2017-02\WA\National Shapefiles\GN_Export.shp,HA0,-1,-1,M:\Food Insecurity Mapping\Website Shapefiles\2017-02\WA\National Shapefiles\SL_Export.shp,HA0,-1,-1,M:\Food Insecurity Mapping\Website Shapefiles\2017-02\WA\National Shapefiles\BF_Export.shp,HA0,-1,-1,M:\Food Insecurity Mapping\Website Shapefiles\2017-02\WA\National Shapefiles\TD_Export.shp,HA0,-1,-1,M:\Food Insecurity Mapping\Website Shapefiles\2017-02\WA\National Shapefiles\LR_Shapefile.shp,HA0,-1,-1,M:\Food Insecurity Mapping\Website Shapefiles\2017-02\WA\National Shapefiles\NG_Output.shp,HA0,-1,-1;HA1 "HA1" true true false 19 Double 0 0 ,First,#,M:\Food Insecurity Mapping\Website Shapefiles\2017-02\WA\National Shapefiles\SL_Export.shp,HA1,-1,-1,M:\Food Insecurity Mapping\Website Shapefiles\2017-02\WA\National Shapefiles\NE_Export.shp,HA1,-1,-1,M:\Food Insecurity Mapping\Website Shapefiles\2017-02\WA\National Shapefiles\MR_Export.shp,HA1,-1,-1,M:\Food Insecurity Mapping\Website Shapefiles\2017-02\WA\National Shapefiles\ML_Export.shp,HA1,-1,-1,M:\Food Insecurity Mapping\Website Shapefiles\2017-02\WA\National Shapefiles\GN_Export.shp,HA1,-1,-1,M:\Food Insecurity Mapping\Website Shapefiles\2017-02\WA\National Shapefiles\SL_Export.shp,HA1,-1,-1,M:\Food Insecurity Mapping\Website Shapefiles\2017-02\WA\National Shapefiles\BF_Export.shp,HA1,-1,-1,M:\Food Insecurity Mapping\Website Shapefiles\2017-02\WA\National Shapefiles\TD_Export.shp,HA1,-1,-1,M:\Food Insecurity Mapping\Website Shapefiles\2017-02\WA\National Shapefiles\LR_Shapefile.shp,HA1,-1,-1,M:\Food Insecurity Mapping\Website Shapefiles\2017-02\WA\National Shapefiles\NG_Output.shp,HA1,-1,-1;HA2 "HA2" true true false 19 Double 0 0 ,First,#,M:\Food Insecurity Mapping\Website Shapefiles\2017-02\WA\National Shapefiles\SL_Export.shp,HA2,-1,-1,M:\Food Insecurity Mapping\Website Shapefiles\2017-02\WA\National Shapefiles\NE_Export.shp,HA2,-1,-1,M:\Food Insecurity Mapping\Website Shapefiles\2017-02\WA\National Shapefiles\MR_Export.shp,HA2,-1,-1,M:\Food Insecurity Mapping\Website Shapefiles\2017-02\WA\National Shapefiles\ML_Export.shp,HA2,-1,-1,M:\Food Insecurity Mapping\Website Shapefiles\2017-02\WA\National Shapefiles\GN_Export.shp,HA2,-1,-1,M:\Food Insecurity Mapping\Website Shapefiles\2017-02\WA\National Shapefiles\SL_Export.shp,HA2,-1,-1,M:\Food Insecurity Mapping\Website Shapefiles\2017-02\WA\National Shapefiles\BF_Export.shp,HA2,-1,-1,M:\Food Insecurity Mapping\Website Shapefiles\2017-02\WA\National Shapefiles\TD_Export.shp,HA2,-1,-1,M:\Food Insecurity Mapping\Website Shapefiles\2017-02\WA\National Shapefiles\LR_Shapefile.shp,HA2,-1,-1,M:\Food Insecurity Mapping\Website Shapefiles\2017-02\WA\National Shapefiles\NG_Output.shp,HA2,-1,-1;COUNTRY "COUNTRY" true true false 2 Text 0 0 ,First,#,M:\Food Insecurity Mapping\Website Shapefiles\2017-02\WA\National Shapefiles\NE_Export.shp,COUNTRY,-1,-1,M:\Food Insecurity Mapping\Website Shapefiles\2017-02\WA\National Shapefiles\MR_Export.shp,COUNTRY,-1,-1,M:\Food Insecurity Mapping\Website Shapefiles\2017-02\WA\National Shapefiles\ML_Export.shp,COUNTRY,-1,-1,M:\Food Insecurity Mapping\Website Shapefiles\2017-02\WA\National Shapefiles\GN_Export.shp,COUNTRY,-1,-1,M:\Food Insecurity Mapping\Website Shapefiles\2017-02\WA\National Shapefiles\SL_Export.shp,COUNTRY,-1,-1,M:\Food Insecurity Mapping\Website Shapefiles\2017-02\WA\National Shapefiles\BF_Export.shp,COUNTRY,-1,-1,M:\Food Insecurity Mapping\Website Shapefiles\2017-02\WA\National Shapefiles\TD_Export.shp,COUNTRY,-1,-1,M:\Food Insecurity Mapping\Website Shapefiles\2017-02\WA\National Shapefiles\LR_Shapefile.shp,COUNTRY,-1,-1,M:\Food Insecurity Mapping\Website Shapefiles\2017-02\WA\National Shapefiles\NG_Output.shp,COUNTRY,-1,-1;ADMIN0 "ADMIN0" true true false 50 Text 0 0 ,First,#,M:\Food Insecurity Mapping\Website Shapefiles\2017-02\WA\National Shapefiles\LR_Shapefile.shp,ADMIN0,-1,-1,M:\Food Insecurity Mapping\Website Shapefiles\2017-02\WA\National Shapefiles\NG_Output.shp,ADMIN0,-1,-1;LZNAME "LZNAME" true true false 254 Text 0 0 ,First,#,M:\Food Insecurity Mapping\Website Shapefiles\2017-02\WA\National Shapefiles\NG_Output.shp,LZNAME,-1,-1"</Process><Process Name="ML1 Dissolve" ToolSource="c:\program files (x86)\arcgis\desktop10.4\ArcToolbox\Toolboxes\Data Management Tools.tbx\Dissolve" Date="20170315" Time="152904">Dissolve "M:\Food Insecurity Mapping\Website Shapefiles\2016-02\WA\Regional Shapefiles\WA_Merge.shp" "M:\Food Insecurity Mapping\Website Shapefiles\2017-02\WA\Regional Shapefiles\WA201702_ML1.shp" ML1;HA1 # MULTI_PART DISSOLVE_LINES</Process></lineage><itemProps><itemName Sync="TRUE">WA201702_ML1</itemName><imsContentType Sync="TRUE">002</imsContentType><itemSize Sync="TRUE">0.000</itemSize><itemLocation><linkage Sync="TRUE">file://\\apollo.fewsnet.local\Mapfiles\Food Insecurity Mapping\Website Shapefiles\2017-02\WA\Regional Shapefiles\WA201702_ML1.shp</linkage><protocol Sync="TRUE">Local Area Network</protocol></itemLocation></itemProps><coordRef><type Sync="TRUE">Geographic</type><geogcsn Sync="TRUE">GCS_WGS_1984</geogcsn><csUnits Sync="TRUE">Angular Unit: Degree (0.017453)</csUnits><peXml Sync="TRUE">&lt;GeographicCoordinateSystem xsi:type='typens:GeographicCoordinateSystem' xmlns:xsi='http://www.w3.org/2001/XMLSchema-instance' xmlns:xs='http://www.w3.org/2001/XMLSchema' xmlns:typens='http://www.esri.com/schemas/ArcGIS/10.4'&gt;&lt;WKT&gt;GEOGCS[&amp;quot;GCS_WGS_1984&amp;quot;,DATUM[&amp;quot;D_WGS_1984&amp;quot;,SPHEROID[&amp;quot;WGS_1984&amp;quot;,6378137.0,298.257223563]],PRIMEM[&amp;quot;Greenwich&amp;quot;,0.0],UNIT[&amp;quot;Degree&amp;quot;,0.0174532925199433],AUTHORITY[&amp;quot;EPSG&amp;quot;,4326]],VERTCS[&amp;quot;WGS_1984&amp;quot;,DATUM[&amp;quot;D_WGS_1984&amp;quot;,SPHEROID[&amp;quot;WGS_1984&amp;quot;,6378137.0,298.257223563]],PARAMETER[&amp;quot;Vertical_Shift&amp;quot;,0.0],PARAMETER[&amp;quot;Direction&amp;quot;,1.0],UNIT[&amp;quot;Meter&amp;quot;,1.0],AUTHORITY[&amp;quot;Esri&amp;quot;,115700]]&lt;/WKT&gt;&lt;XOrigin&gt;-400&lt;/XOrigin&gt;&lt;YOrigin&gt;-400&lt;/YOrigin&gt;&lt;XYScale&gt;11258999068426.238&lt;/XYScale&gt;&lt;ZOrigin&gt;-100000&lt;/ZOrigin&gt;&lt;ZScale&gt;10000&lt;/ZScale&gt;&lt;MOrigin&gt;-100000&lt;/MOrigin&gt;&lt;MScale&gt;10000&lt;/MScale&gt;&lt;XYTolerance&gt;8.983152841195215e-009&lt;/XYTolerance&gt;&lt;ZTolerance&gt;0.001&lt;/ZTolerance&gt;&lt;MTolerance&gt;0.001&lt;/MTolerance&gt;&lt;HighPrecision&gt;true&lt;/HighPrecision&gt;&lt;LeftLongitude&gt;-180&lt;/LeftLongitude&gt;&lt;WKID&gt;4326&lt;/WKID&gt;&lt;LatestWKID&gt;4326&lt;/LatestWKID&gt;&lt;VCSWKID&gt;115700&lt;/VCSWKID&gt;&lt;LatestVCSWKID&gt;115700&lt;/LatestVCSWKID&gt;&lt;/GeographicCoordinateSystem&gt;</peXml></coordRef></DataProperties><SyncDate>20170315</SyncDate><SyncTime>15290000</SyncTime><ModDate>20170315</ModDate><ModTime>15290000</ModTime></Esri><dataIdInfo><envirDesc Sync="TRUE">Microsoft Windows 7 Version 6.1 (Build 7601) Service Pack 1; Esri ArcGIS 10.4.0.5524</envirDesc><dataLang><languageCode value="eng" Sync="TRUE"></languageCode><countryCode value="USA" Sync="TRUE"></countryCode></dataLang><idCitation><resTitle Sync="TRUE">WA201702_ML1</resTitle><presForm><PresFormCd value="005" Sync="TRUE"></PresFormCd></presForm></idCitation><spatRpType><SpatRepTypCd value="001" Sync="TRUE"></SpatRepTypCd></spatRpType></dataIdInfo><mdLang><languageCode value="eng" Sync="TRUE"></languageCode><countryCode value="USA" Sync="TRUE"></countryCode></mdLang><mdChar><CharSetCd value="004" Sync="TRUE"></CharSetCd></mdChar><distInfo><distFormat><formatName Sync="TRUE">Shapefile</formatName></distFormat><distTranOps><transSize Sync="TRUE">0.000</transSize></distTranOps></distInfo><mdHrLv><ScopeCd value="005" Sync="TRUE"></ScopeCd></mdHrLv><mdHrLvName Sync="TRUE">dataset</mdHrLvName><refSysInfo><RefSystem><refSysID><identCode code="4326" Sync="TRUE"></identCode><idCodeSpace Sync="TRUE">EPSG</idCodeSpace><idVersion Sync="TRUE">6.14(3.0.1)</idVersion></refSysID></RefSystem></refSysInfo><spatRepInfo><VectSpatRep><geometObjs Name="WA201702_ML1"><geoObjTyp><GeoObjTypCd value="002" Sync="TRUE"></GeoObjTypCd></geoObjTyp><geoObjCnt Sync="TRUE">0</geoObjCnt></geometObjs><topLvl><TopoLevCd value="001" Sync="TRUE"></TopoLevCd></topLvl></VectSpatRep></spatRepInfo><spdoinfo><ptvctinf><esriterm Name="WA201702_ML1"><efeatyp Sync="TRUE">Simple</efeatyp><efeageom code="4" Sync="TRUE"></efeageom><esritopo Sync="TRUE">FALSE</esritopo><efeacnt Sync="TRUE">0</efeacnt><spindex Sync="TRUE">FALSE</spindex><linrefer Sync="TRUE">FALSE</linrefer></esriterm></ptvctinf></spdoinfo><eainfo><detailed Name="WA201702_ML1"><enttyp><enttypl Sync="TRUE">WA201702_ML1</enttypl><enttypt Sync="TRUE">Feature Class</enttypt><enttypc Sync="TRUE">0</enttypc></enttyp><attr><attrlabl Sync="TRUE">FID</attrlabl><attalias Sync="TRUE">FID</attalias><attrtype Sync="TRUE">OID</attrtype><attwidth Sync="TRUE">4</attwidth><atprecis Sync="TRUE">0</atprecis><attscale Sync="TRUE">0</attscale><attrdef Sync="TRUE">Internal feature number.</attrdef><attrdefs Sync="TRUE">Esri</attrdefs><attrdomv><udom Sync="TRUE">Sequential unique whole numbers that are automatically generated.</udom></attrdomv></attr><attr><attrlabl Sync="TRUE">Shape</attrlabl><attalias Sync="TRUE">Shape</attalias><attrtype Sync="TRUE">Geometry</attrtype><attwidth Sync="TRUE">0</attwidth><atprecis Sync="TRUE">0</atprecis><attscale Sync="TRUE">0</attscale><attrdef Sync="TRUE">Feature geometry.</attrdef><attrdefs Sync="TRUE">Esri</attrdefs><attrdomv><udom Sync="TRUE">Coordinates defining the features.</udom></attrdomv></attr><attr><attrlabl Sync="TRUE">ML1</attrlabl><attalias Sync="TRUE">ML1</attalias><attrtype Sync="TRUE">Double</attrtype><attwidth Sync="TRUE">19</attwidth><atprecis Sync="TRUE">0</atprecis><attscale Sync="TRUE">0</attscale></attr><attr><attrlabl Sync="TRUE">HA1</attrlabl><attalias Sync="TRUE">HA1</attalias><attrtype Sync="TRUE">Double</attrtype><attwidth Sync="TRUE">19</attwidth><atprecis Sync="TRUE">0</atprecis><attscale Sync="TRUE">0</attscale></attr></detailed></eainfo><mdDateSt Sync="TRUE">20170315</mdDateSt></metadata>
