,date,ADMIN1,ADMIN2,CS_1,CS_2,CS_3,CS_4,CS_5,ML1_1,ML1_2,ML1_3,ML1_4,ML1_5,ML2_1,ML2_2,ML2_3,ML2_4,ML2_5,pop_CS,pop_ML1,pop_ML2,pop_ADMIN2
2,Sep 2020,Awdal,Baki,70222.0,18284.0,5783.0,4868.0,0.0,63671.0,22563.0,7715.0,5208.0,0.0,,,,,,99157.0,99157.0,,
3,Sep 2020,Awdal,Borama,304783.0,101991.0,24131.0,22530.0,0.0,270770.0,114922.0,44570.0,23172.0,0.0,,,,,,453434.0,453434.0,,
4,Sep 2020,Awdal,Lughaye,51823.0,30381.0,13585.0,3367.0,0.0,34279.0,32971.0,26500.0,5408.0,0.0,,,,,,99157.0,99157.0,,
5,Sep 2020,Awdal,Zeylac,37939.0,22498.0,9999.0,2390.0,0.0,25034.0,24433.0,19717.0,3641.0,0.0,,,,,,72825.0,72825.0,,
7,Sep 2020,Bakool,Ceel barde,42424.0,4485.0,3435.0,483.0,0.0,38348.0,7184.0,4328.0,967.0,0.0,,,,,,50827.0,50827.0,,
8,Sep 2020,Bakool,Rab dhuure,28914.0,2113.0,1959.0,0.0,0.0,27110.0,3608.0,2268.0,0.0,0.0,,,,,,32986.0,32986.0,,
9,Sep 2020,Bakool,Tayeeglow,39660.0,6901.0,4235.0,940.0,0.0,35247.0,9616.0,5882.0,990.0,0.0,,,,,,51735.0,51735.0,,
10,Sep 2020,Bakool,Waajid,52809.0,9486.0,5768.0,1511.0,0.0,45925.0,13481.0,8059.0,2110.0,0.0,,,,,,69574.0,69574.0,,
11,Sep 2020,Bakool,Xudur,57760.0,12381.0,7027.0,2062.0,0.0,48654.0,17159.0,10316.0,3101.0,0.0,,,,,,79231.0,79231.0,,
13,Sep 2020,Banadir,Banadir,1627659.0,427256.0,148698.0,24850.0,0.0,1361124.0,495393.0,322246.0,49700.0,0.0,,,,,,2228463.0,2228463.0,,
15,Sep 2020,Bari,Bandarbeyla,8959.0,3614.0,1708.0,743.0,0.0,8404.0,3856.0,1956.0,808.0,0.0,,,,,,15023.0,15023.0,,
16,Sep 2020,Bari,Bossaso,289712.0,109080.0,50592.0,17636.0,0.0,228328.0,124605.0,90726.0,23360.0,0.0,,,,,,467020.0,467020.0,,
17,Sep 2020,Bari,Caluula,29474.0,12750.0,6279.0,3263.0,0.0,26975.0,15147.0,8315.0,1330.0,0.0,,,,,,51766.0,51766.0,,
18,Sep 2020,Bari,Iskushuban,36014.0,15491.0,7425.0,3333.0,0.0,33683.0,17285.0,9021.0,2275.0,0.0,,,,,,62264.0,62264.0,,
19,Sep 2020,Bari,Qandala,30061.0,12987.0,6103.0,3364.0,0.0,28061.0,15282.0,7913.0,1259.0,0.0,,,,,,52515.0,52515.0,,
20,Sep 2020,Bari,Qardho,38690.0,14888.0,7299.0,3469.0,0.0,32996.0,17137.0,9881.0,4333.0,0.0,,,,,,64346.0,64346.0,,
22,Sep 2020,Bay,Baydhaba,329203.0,112612.0,57684.0,15839.0,0.0,223405.0,149592.0,114201.0,28139.0,0.0,,,,,,515337.0,515337.0,,
23,Sep 2020,Bay,Buur hakaba,89351.0,25471.0,12415.0,2523.0,0.0,74853.0,34041.0,18343.0,2523.0,0.0,,,,,,129760.0,129760.0,,
24,Sep 2020,Bay,Diinsoor,92048.0,29834.0,14546.0,3136.0,0.0,73558.0,39517.0,22113.0,4375.0,0.0,,,,,,139564.0,139564.0,,
25,Sep 2020,Bay,Qansax dheere,41275.0,13468.0,6194.0,1002.0,0.0,33767.0,17879.0,9291.0,1002.0,0.0,,,,,,61939.0,61939.0,,
27,Sep 2020,Galgaduud,Cabudwaaq,69356.0,32173.0,9921.0,0.0,0.0,59397.0,36559.0,15493.0,0.0,0.0,,,,,,111450.0,111450.0,,
28,Sep 2020,Galgaduud,Cadaado,51273.0,20032.0,6121.0,0.0,0.0,45191.0,22243.0,9992.0,0.0,0.0,,,,,,77426.0,77426.0,,
29,Sep 2020,Galgaduud,Ceel buur,45090.0,15499.0,5480.0,0.0,0.0,39354.0,18017.0,8698.0,0.0,0.0,,,,,,66069.0,66069.0,,
30,Sep 2020,Galgaduud,Ceel dheer,51085.0,16257.0,5298.0,284.0,0.0,43819.0,19309.0,9228.0,568.0,0.0,,,,,,72923.0,72923.0,,
31,Sep 2020,Galgaduud,Dhuusamarreeb,66683.0,24551.0,8707.0,0.0,0.0,57556.0,27885.0,14500.0,0.0,0.0,,,,,,99941.0,99941.0,,
33,Sep 2020,Gedo,Baardheere,69928.0,22231.0,7618.0,1357.0,0.0,62406.0,26370.0,10992.0,1365.0,0.0,,,,,,101133.0,101133.0,,
34,Sep 2020,Gedo,Belet xaawo,47171.0,17229.0,5103.0,1550.0,0.0,41222.0,19624.0,8655.0,1550.0,0.0,,,,,,71052.0,71052.0,,
35,Sep 2020,Gedo,Ceel waaq,30239.0,7152.0,2190.0,201.0,0.0,26842.0,8880.0,3860.0,201.0,0.0,,,,,,39783.0,39783.0,,
36,Sep 2020,Gedo,Doolow,31795.0,16924.0,5204.0,2388.0,0.0,22663.0,18474.0,12786.0,2388.0,0.0,,,,,,56311.0,56311.0,,
37,Sep 2020,Gedo,Garbahaarey,68101.0,37142.0,11422.0,5323.0,0.0,59209.0,40365.0,17091.0,5323.0,0.0,,,,,,121988.0,121988.0,,
38,Sep 2020,Gedo,Luuq,30239.0,7925.0,2273.0,239.0,0.0,26685.0,9507.0,4171.0,313.0,0.0,,,,,,40676.0,40676.0,,
40,Sep 2020,Hiraan,Belet weyne,164156.0,46462.0,13856.0,7376.0,0.0,126438.0,56659.0,38078.0,10676.0,0.0,,,,,,231850.0,231850.0,,
41,Sep 2020,Hiraan,Bulo burto,71812.0,12941.0,5085.0,1041.0,0.0,60237.0,17052.0,12300.0,1291.0,0.0,,,,,,90880.0,90880.0,,
42,Sep 2020,Hiraan,Jalalaqsi,82400.0,12060.0,5408.0,395.0,0.0,71486.0,16734.0,11532.0,511.0,0.0,,,,,,100263.0,100263.0,,
44,Sep 2020,Juba Dhexe,Bu'aale,48256.0,16732.0,9594.0,3428.0,0.0,49178.0,16972.0,9922.0,1939.0,0.0,,,,,,78010.0,78010.0,,
45,Sep 2020,Juba Dhexe,Jilib,109237.0,20425.0,14437.0,4489.0,0.0,106461.0,22593.0,16257.0,3276.0,0.0,,,,,,148587.0,148587.0,,
46,Sep 2020,Juba Dhexe,Saakow,41173.0,10193.0,7059.0,1516.0,0.0,37965.0,12101.0,8631.0,1244.0,0.0,,,,,,59941.0,59941.0,,
48,Sep 2020,Juba Hoose,Afmadow,130496.0,18774.0,12832.0,1984.0,0.0,115656.0,26780.0,17970.0,3680.0,0.0,,,,,,164086.0,164086.0,,
49,Sep 2020,Juba Hoose,Badhaadhe,37175.0,5628.0,3052.0,100.0,0.0,33829.0,7699.0,4327.0,100.0,0.0,,,,,,45955.0,45955.0,,
50,Sep 2020,Juba Hoose,Jamaame,43146.0,10032.0,6111.0,1952.0,0.0,37171.0,12946.0,8656.0,2469.0,0.0,,,,,,61242.0,61242.0,,
51,Sep 2020,Juba Hoose,Kismaayo,255437.0,73473.0,43703.0,5041.0,0.0,216583.0,86816.0,68983.0,5271.0,0.0,,,,,,377653.0,377653.0,,
53,Sep 2020,Mudug,Gaalkacyo,229795.0,104689.0,40368.0,2621.0,0.0,185545.0,114340.0,72346.0,5242.0,0.0,,,,,,377473.0,377473.0,,
54,Sep 2020,Mudug,Galdogob,43779.0,21369.0,7344.0,86.0,0.0,38163.0,23184.0,11060.0,173.0,0.0,,,,,,72579.0,72579.0,,
55,Sep 2020,Mudug,Hobyo,47573.0,15172.0,6743.0,363.0,0.0,40943.0,17584.0,10599.0,725.0,0.0,,,,,,69851.0,69851.0,,
56,Sep 2020,Mudug,Jariiban,48351.0,18200.0,7630.0,192.0,0.0,41895.0,20352.0,11641.0,485.0,0.0,,,,,,74373.0,74373.0,,
57,Sep 2020,Mudug,Xarardheere,23087.0,7173.0,3129.0,57.0,0.0,20271.0,8203.0,4859.0,114.0,0.0,,,,,,33447.0,33447.0,,
59,Sep 2020,Nugaal,Burtinle,34247.0,16108.0,7458.0,1279.0,0.0,30614.0,17835.0,9114.0,1529.0,0.0,,,,,,59092.0,59092.0,,
60,Sep 2020,Nugaal,Eyl,38576.0,19750.0,8356.0,1910.0,0.0,34581.0,21661.0,9986.0,2364.0,0.0,,,,,,68592.0,68592.0,,
61,Sep 2020,Nugaal,Garoowe,122465.0,52443.0,26246.0,8751.0,0.0,109370.0,57513.0,32674.0,10347.0,0.0,,,,,,209904.0,209904.0,,
63,Sep 2020,Sanaag,Ceel afweyn,68448.0,27841.0,11406.0,6094.0,0.0,55156.0,33807.0,16375.0,8450.0,0.0,,,,,,113789.0,113789.0,,
64,Sep 2020,Sanaag,Ceerigaabo,121238.0,42521.0,20822.0,11200.0,0.0,99414.0,50756.0,29545.0,16066.0,0.0,,,,,,195781.0,195781.0,,
65,Sep 2020,Sanaag,Laasqoray,161355.0,51217.0,26275.0,13650.0,0.0,133155.0,63762.0,36854.0,18726.0,0.0,,,,,,252497.0,252497.0,,
67,Sep 2020,Shabelle Dhexe,Adan yabaal,31467.0,4041.0,370.0,0.0,0.0,29473.0,5694.0,711.0,0.0,0.0,,,,,,35878.0,35878.0,,
68,Sep 2020,Shabelle Dhexe,Balcad,136479.0,32070.0,12645.0,2041.0,0.0,120802.0,43467.0,16186.0,2779.0,0.0,,,,,,183234.0,183234.0,,
69,Sep 2020,Shabelle Dhexe,Cadale,53725.0,6964.0,738.0,0.0,0.0,50141.0,9857.0,1429.0,0.0,0.0,,,,,,61427.0,61427.0,,
70,Sep 2020,Shabelle Dhexe,Jowhar,112477.0,28017.0,12900.0,2825.0,0.0,97589.0,35341.0,19083.0,4208.0,0.0,,,,,,156220.0,156220.0,,
72,Sep 2020,Shabelle Hoose,Afgooye,136236.0,36254.0,16639.0,2302.0,0.0,117782.0,47003.0,22043.0,4603.0,0.0,,,,,,191431.0,191431.0,,
73,Sep 2020,Shabelle Hoose,Baraawe,45383.0,6898.0,3812.0,650.0,0.0,40699.0,9513.0,5232.0,1300.0,0.0,,,,,,56744.0,56744.0,,
74,Sep 2020,Shabelle Hoose,Kurtunwaarey,153841.0,24654.0,9802.0,250.0,0.0,143637.0,33930.0,10480.0,500.0,0.0,,,,,,188547.0,188547.0,,
75,Sep 2020,Shabelle Hoose,Marka,135150.0,30860.0,12227.0,2100.0,0.0,119830.0,39124.0,17182.0,4200.0,0.0,,,,,,180336.0,180336.0,,
76,Sep 2020,Shabelle Hoose,Qoryooley,163033.0,31778.0,12462.0,500.0,0.0,149989.0,42083.0,14701.0,1000.0,0.0,,,,,,207773.0,207773.0,,
77,Sep 2020,Shabelle Hoose,Sablaale,15469.0,3358.0,1236.0,150.0,0.0,13957.0,4242.0,1713.0,300.0,0.0,,,,,,20212.0,20212.0,,
78,Sep 2020,Shabelle Hoose,Wanla weyn,52293.0,10196.0,3970.0,0.0,0.0,46698.0,13689.0,6072.0,0.0,0.0,,,,,,66459.0,66459.0,,
80,Sep 2020,Sool,Caynabo,31324.0,9216.0,3922.0,2439.0,0.0,25885.0,11693.0,5873.0,3451.0,0.0,,,,,,46901.0,46901.0,,
81,Sep 2020,Sool,Laas caanood,156210.0,49415.0,14158.0,7158.0,0.0,118461.0,62988.0,29586.0,15906.0,0.0,,,,,,226941.0,226941.0,,
82,Sep 2020,Sool,Taleex,36393.0,9719.0,4584.0,2761.0,0.0,30091.0,12391.0,6939.0,4036.0,0.0,,,,,,53457.0,53457.0,,
83,Sep 2020,Sool,Xudun,21840.0,6770.0,2640.0,1883.0,0.0,16994.0,8427.0,4480.0,3233.0,0.0,,,,,,33133.0,33133.0,,
85,Sep 2020,Togdheer,Burco,383910.0,82105.0,26712.0,5521.0,0.0,321119.0,107124.0,59538.0,10468.0,0.0,,,,,,498248.0,498248.0,,
86,Sep 2020,Togdheer,Buuhoodle,73651.0,18470.0,5367.0,1286.0,0.0,61412.0,24055.0,10735.0,2572.0,0.0,,,,,,98774.0,98774.0,,
87,Sep 2020,Togdheer,Owdweyne,65838.0,14927.0,4983.0,1638.0,0.0,55886.0,19296.0,9446.0,2757.0,0.0,,,,,,87385.0,87385.0,,
88,Sep 2020,Togdheer,Sheikh,52725.0,12757.0,3826.0,2078.0,0.0,47051.0,16352.0,5752.0,2231.0,0.0,,,,,,71386.0,71386.0,,
90,Sep 2020,Woqooyi Galbeed,Berbera,114134.0,43788.0,13843.0,8232.0,0.0,95300.0,49823.0,25269.0,9605.0,0.0,,,,,,179997.0,179997.0,,
91,Sep 2020,Woqooyi Galbeed,Gebiley,63079.0,24393.0,5097.0,4872.0,0.0,55804.0,27086.0,9529.0,5022.0,0.0,,,,,,97441.0,97441.0,,
92,Sep 2020,Woqooyi Galbeed,Hargeysa,707597.0,229873.0,59638.0,46978.0,0.0,611023.0,260338.0,120762.0,51963.0,0.0,,,,,,1044086.0,1044086.0,,
96,Jan 2020,Awdal,Baki,64452.0,28756.0,5949.0,0.0,0.0,63460.0,28756.0,5949.0,0.0,0.0,,,,,,99157.0,99157.0,,
97,Jan 2020,Awdal,Borama,321938.0,104290.0,27206.0,0.0,0.0,321938.0,104290.0,27206.0,0.0,0.0,,,,,,453434.0,453434.0,,
98,Jan 2020,Awdal,Lughaye,60486.0,22806.0,9916.0,5949.0,0.0,52553.0,26772.0,13882.0,5949.0,0.0,,,,,,99157.0,99157.0,,
99,Jan 2020,Awdal,Zeylac,44423.0,16750.0,6554.0,5098.0,0.0,38597.0,19663.0,10196.0,5098.0,0.0,,,,,,72825.0,72825.0,,
101,Jan 2020,Bakool,Ceel barde,43203.0,5591.0,1525.0,508.0,0.0,43203.0,5591.0,1525.0,508.0,0.0,,,,,,50827.0,50827.0,,
102,Jan 2020,Bakool,Rab dhuure,30347.0,2639.0,0.0,0.0,0.0,30347.0,2639.0,0.0,0.0,0.0,,,,,,32986.0,32986.0,,
103,Jan 2020,Bakool,Tayeeglow,45527.0,5174.0,1035.0,0.0,0.0,45527.0,5174.0,1035.0,0.0,0.0,,,,,,51735.0,51735.0,,
104,Jan 2020,Bakool,Waajid,57746.0,8349.0,2783.0,696.0,0.0,57746.0,8349.0,2783.0,696.0,0.0,,,,,,69574.0,69574.0,,
105,Jan 2020,Bakool,Xudur,63385.0,10300.0,4754.0,792.0,0.0,63385.0,10300.0,4754.0,792.0,0.0,,,,,,79231.0,79231.0,,
107,Jan 2020,Banadir,Banadir,1626778.0,467977.0,89139.0,44569.0,0.0,1582209.0,490262.0,111423.0,44569.0,0.0,,,,,,2228463.0,2228463.0,,
109,Jan 2020,Bari,Bandarbeyla,10216.0,3305.0,1352.0,150.0,0.0,10216.0,3305.0,1202.0,0.0,0.0,,,,,,15023.0,15023.0,,
110,Jan 2020,Bari,Bossaso,303563.0,116755.0,42032.0,4670.0,0.0,280212.0,126095.0,51372.0,9340.0,0.0,,,,,,467020.0,467020.0,,
111,Jan 2020,Bari,Caluula,32613.0,12424.0,3624.0,2588.0,0.0,32613.0,12424.0,3624.0,2588.0,0.0,,,,,,51766.0,51766.0,,
112,Jan 2020,Bari,Iskushuban,40472.0,13698.0,5604.0,1868.0,0.0,40472.0,13698.0,5604.0,1868.0,0.0,,,,,,62264.0,62264.0,,
113,Jan 2020,Bari,Qandala,34135.0,11553.0,3676.0,3151.0,0.0,34135.0,11553.0,3676.0,3151.0,0.0,,,,,,52515.0,52515.0,,
114,Jan 2020,Bari,Qardho,44399.0,14800.0,4504.0,643.0,0.0,44399.0,14800.0,4504.0,643.0,0.0,,,,,,64346.0,64346.0,,
116,Jan 2020,Bay,Baydhaba,324662.0,118528.0,56687.0,15460.0,0.0,298895.0,113374.0,77301.0,25767.0,0.0,,,,,,515337.0,515337.0,,
117,Jan 2020,Bay,Buur hakaba,103808.0,20762.0,5190.0,0.0,0.0,108998.0,15571.0,5190.0,0.0,0.0,,,,,,129760.0,129760.0,,
118,Jan 2020,Bay,Diinsoor,104673.0,25122.0,9769.0,1396.0,0.0,110256.0,19539.0,9769.0,1396.0,0.0,,,,,,139564.0,139564.0,,
119,Jan 2020,Bay,Qansax dheere,47693.0,11768.0,3097.0,0.0,0.0,51409.0,8052.0,3097.0,0.0,0.0,,,,,,61939.0,61939.0,,
121,Jan 2020,Galgaduud,Cabudwaaq,47924.0,39008.0,20061.0,3344.0,0.0,46809.0,39008.0,21176.0,3344.0,0.0,,,,,,111450.0,111450.0,,
122,Jan 2020,Galgaduud,Cadaado,44133.0,24002.0,7743.0,1549.0,0.0,43359.0,24002.0,9291.0,1549.0,0.0,,,,,,77426.0,77426.0,,
123,Jan 2020,Galgaduud,Ceel buur,35017.0,19821.0,9910.0,1321.0,0.0,33035.0,21142.0,9910.0,1321.0,0.0,,,,,,66069.0,66069.0,,
124,Jan 2020,Galgaduud,Ceel dheer,52505.0,13855.0,5105.0,729.0,0.0,49588.0,16772.0,5105.0,729.0,0.0,,,,,,72923.0,72923.0,,
125,Jan 2020,Galgaduud,Dhuusamarreeb,42975.0,35979.0,17989.0,3998.0,0.0,36978.0,36978.0,19988.0,4997.0,0.0,,,,,,99941.0,99941.0,,
127,Jan 2020,Gedo,Baardheere,58657.0,35397.0,7079.0,1011.0,0.0,72816.0,20227.0,7079.0,1011.0,0.0,,,,,,101133.0,101133.0,,
128,Jan 2020,Gedo,Belet xaawo,32684.0,29131.0,6395.0,2132.0,0.0,41921.0,19895.0,6395.0,2132.0,0.0,,,,,,71052.0,71052.0,,
129,Jan 2020,Gedo,Ceel waaq,19494.0,18300.0,1591.0,398.0,0.0,28644.0,9150.0,1591.0,398.0,0.0,,,,,,39783.0,39783.0,,
130,Jan 2020,Gedo,Doolow,15767.0,28719.0,8447.0,3379.0,0.0,8447.0,28719.0,12388.0,7320.0,0.0,,,,,,56311.0,56311.0,,
131,Jan 2020,Gedo,Garbahaarey,41476.0,53675.0,19518.0,7319.0,0.0,45136.0,50015.0,19518.0,7319.0,0.0,,,,,,121988.0,121988.0,,
132,Jan 2020,Gedo,Luuq,23185.0,15864.0,1627.0,0.0,0.0,30507.0,8542.0,1627.0,0.0,0.0,,,,,,40676.0,40676.0,,
134,Jan 2020,Hiraan,Belet weyne,157658.0,53326.0,16230.0,2319.0,0.0,146066.0,57963.0,23185.0,4637.0,0.0,,,,,,231850.0,231850.0,,
135,Jan 2020,Hiraan,Bulo burto,71795.0,16358.0,1818.0,909.0,0.0,71795.0,16358.0,2726.0,909.0,0.0,,,,,,90880.0,90880.0,,
136,Jan 2020,Hiraan,Jalalaqsi,83218.0,16042.0,1003.0,0.0,0.0,82216.0,16042.0,1003.0,0.0,0.0,,,,,,100263.0,100263.0,,
138,Jan 2020,Juba Dhexe,Bu'aale,48366.0,19503.0,10141.0,0.0,0.0,52267.0,17942.0,7801.0,0.0,0.0,,,,,,78010.0,78010.0,,
139,Jan 2020,Juba Dhexe,Jilib,96582.0,35661.0,14859.0,0.0,0.0,101039.0,35661.0,11887.0,0.0,0.0,,,,,,148587.0,148587.0,,
140,Jan 2020,Juba Dhexe,Saakow,37763.0,14985.0,7193.0,599.0,0.0,40760.0,12588.0,5994.0,599.0,0.0,,,,,,59941.0,59941.0,,
142,Jan 2020,Juba Hoose,Afmadow,119783.0,34458.0,9845.0,0.0,0.0,124705.0,29535.0,9845.0,0.0,0.0,,,,,,164086.0,164086.0,,
143,Jan 2020,Juba Hoose,Badhaadhe,36304.0,7812.0,1838.0,0.0,0.0,36304.0,7812.0,1838.0,0.0,0.0,,,,,,45955.0,45955.0,,
144,Jan 2020,Juba Hoose,Jamaame,36745.0,17760.0,6737.0,0.0,0.0,36745.0,17760.0,6737.0,0.0,0.0,,,,,,61242.0,61242.0,,
145,Jan 2020,Juba Hoose,Kismaayo,207709.0,90637.0,67978.0,15106.0,0.0,196380.0,94413.0,71754.0,15106.0,0.0,,,,,,377653.0,377653.0,,
147,Jan 2020,Mudug,Gaalkacyo,200061.0,120791.0,45297.0,11324.0,0.0,181187.0,128341.0,52846.0,15099.0,0.0,,,,,,377473.0,377473.0,,
148,Jan 2020,Mudug,Galdogob,41370.0,23225.0,6532.0,1452.0,0.0,41370.0,23225.0,6532.0,1452.0,0.0,,,,,,72579.0,72579.0,,
149,Jan 2020,Mudug,Hobyo,44705.0,16764.0,6985.0,1397.0,0.0,43308.0,18860.0,6985.0,1397.0,0.0,,,,,,69851.0,69851.0,,
150,Jan 2020,Mudug,Jariiban,43136.0,22312.0,8181.0,744.0,0.0,43136.0,22312.0,8181.0,744.0,0.0,,,,,,74373.0,74373.0,,
151,Jan 2020,Mudug,Xarardheere,27427.0,5686.0,334.0,0.0,0.0,26758.0,6355.0,334.0,0.0,0.0,,,,,,33447.0,33447.0,,
153,Jan 2020,Nugaal,Burtinle,41364.0,12409.0,4136.0,1182.0,0.0,41364.0,12409.0,4136.0,1182.0,0.0,,,,,,59092.0,59092.0,,
154,Jan 2020,Nugaal,Eyl,43213.0,16462.0,8231.0,1372.0,0.0,46643.0,15090.0,6173.0,686.0,0.0,,,,,,68592.0,68592.0,,
155,Jan 2020,Nugaal,Garoowe,146933.0,39882.0,20990.0,2099.0,0.0,142735.0,41981.0,23089.0,4198.0,0.0,,,,,,209904.0,209904.0,,
157,Jan 2020,Sanaag,Ceel afweyn,79652.0,25034.0,6827.0,2276.0,0.0,78514.0,25034.0,7965.0,2276.0,0.0,,,,,,113789.0,113789.0,,
158,Jan 2020,Sanaag,Ceerigaabo,146836.0,33283.0,11747.0,3916.0,0.0,142920.0,33283.0,13705.0,3916.0,0.0,,,,,,195781.0,195781.0,,
159,Jan 2020,Sanaag,Laasqoray,176748.0,58074.0,15150.0,5050.0,0.0,176748.0,58074.0,15150.0,5050.0,0.0,,,,,,252497.0,252497.0,,
161,Jan 2020,Shabelle Dhexe,Adan yabaal,32649.0,3229.0,0.0,0.0,0.0,31214.0,4664.0,0.0,0.0,0.0,,,,,,35878.0,35878.0,,
162,Jan 2020,Shabelle Dhexe,Balcad,144755.0,32982.0,3665.0,1832.0,0.0,142923.0,29317.0,9162.0,1832.0,0.0,,,,,,183234.0,183234.0,,
163,Jan 2020,Shabelle Dhexe,Cadale,55899.0,5528.0,0.0,0.0,0.0,53441.0,7986.0,0.0,0.0,0.0,,,,,,61427.0,61427.0,,
164,Jan 2020,Shabelle Dhexe,Jowhar,120289.0,29682.0,4687.0,1562.0,0.0,118727.0,26557.0,9373.0,1562.0,0.0,,,,,,156220.0,156220.0,,
166,Jan 2020,Shabelle Hoose,Afgooye,139745.0,40201.0,7657.0,3829.0,0.0,147402.0,32543.0,7657.0,3829.0,0.0,,,,,,191431.0,191431.0,,
167,Jan 2020,Shabelle Hoose,Baraawe,46530.0,7944.0,1135.0,1135.0,0.0,46530.0,7944.0,1135.0,1135.0,0.0,,,,,,56744.0,56744.0,,
168,Jan 2020,Shabelle Hoose,Kurtunwaarey,141410.0,43366.0,3771.0,0.0,0.0,141410.0,43366.0,3771.0,0.0,0.0,,,,,,188547.0,188547.0,,
169,Jan 2020,Shabelle Hoose,Marka,131645.0,39674.0,7213.0,3607.0,0.0,131645.0,39674.0,7213.0,3607.0,0.0,,,,,,180336.0,180336.0,,
170,Jan 2020,Shabelle Hoose,Qoryooley,155830.0,47788.0,4155.0,0.0,0.0,157907.0,43632.0,4155.0,0.0,0.0,,,,,,207773.0,207773.0,,
171,Jan 2020,Shabelle Hoose,Sablaale,14957.0,4447.0,606.0,202.0,0.0,14957.0,4447.0,606.0,202.0,0.0,,,,,,20212.0,20212.0,,
172,Jan 2020,Shabelle Hoose,Wanla weyn,54496.0,10633.0,665.0,0.0,0.0,57155.0,7975.0,665.0,0.0,0.0,,,,,,66459.0,66459.0,,
174,Jan 2020,Sool,Caynabo,34707.0,8911.0,2814.0,469.0,0.0,35645.0,7973.0,2814.0,469.0,0.0,,,,,,46901.0,46901.0,,
175,Jan 2020,Sool,Laas caanood,158859.0,49927.0,15886.0,2269.0,0.0,145242.0,54466.0,22694.0,4539.0,0.0,,,,,,226941.0,226941.0,,
176,Jan 2020,Sool,Taleex,39024.0,10691.0,3207.0,535.0,0.0,39558.0,10157.0,3207.0,535.0,0.0,,,,,,53457.0,53457.0,,
177,Jan 2020,Sool,Xudun,25181.0,5301.0,1988.0,331.0,0.0,25512.0,4970.0,1988.0,331.0,0.0,,,,,,33133.0,33133.0,,
179,Jan 2020,Togdheer,Burco,293966.0,114597.0,79720.0,9965.0,0.0,303931.0,114597.0,64772.0,14947.0,0.0,,,,,,498248.0,498248.0,,
180,Jan 2020,Togdheer,Buuhoodle,59264.0,25681.0,12841.0,988.0,0.0,64203.0,24694.0,9877.0,0.0,0.0,,,,,,98774.0,98774.0,,
181,Jan 2020,Togdheer,Owdweyne,53305.0,23594.0,9612.0,874.0,0.0,55926.0,22720.0,7865.0,0.0,0.0,,,,,,87385.0,87385.0,,
182,Jan 2020,Togdheer,Sheikh,44973.0,17847.0,7852.0,714.0,0.0,47829.0,17847.0,4997.0,0.0,0.0,,,,,,71386.0,71386.0,,
184,Jan 2020,Woqooyi Galbeed,Berbera,120598.0,43199.0,12600.0,3600.0,0.0,116998.0,46799.0,14400.0,3600.0,0.0,,,,,,179997.0,179997.0,,
185,Jan 2020,Woqooyi Galbeed,Gebiley,66260.0,24360.0,6821.0,0.0,0.0,66260.0,24360.0,6821.0,0.0,0.0,,,,,,97441.0,97441.0,,
186,Jan 2020,Woqooyi Galbeed,Hargeysa,668215.0,250581.0,114849.0,0.0,0.0,657774.0,261022.0,125290.0,0.0,0.0,,,,,,1044086.0,1044086.0,,
190,Aug 2019,Awdal,Baki,32756.0,53601.0,9926.0,2978.0,0.0,23823.0,58565.0,13897.0,2978.0,0.0,,,,,,99262.0,99262.0,,
191,Aug 2019,Awdal,Borama,226723.0,159104.0,11933.0,3978.0,0.0,214790.0,135238.0,39776.0,3978.0,0.0,,,,,,397760.0,397760.0,,
192,Aug 2019,Awdal,Lughaye,43754.0,36794.0,10939.0,7955.0,0.0,22872.0,40771.0,18894.0,15911.0,0.0,,,,,,99442.0,99442.0,,
193,Aug 2019,Awdal,Zeylac,37632.0,23808.0,9216.0,6912.0,0.0,19968.0,28416.0,14592.0,13824.0,0.0,,,,,,76800.0,76800.0,,
195,Aug 2019,Bakool,Ceel barde,37944.0,24260.0,0.0,0.0,0.0,40433.0,21771.0,0.0,0.0,0.0,,,,,,62204.0,62204.0,,
196,Aug 2019,Bakool,Tayeeglow,36440.0,16335.0,8168.0,1885.0,0.0,33298.0,16963.0,6911.0,5654.0,0.0,,,,,,62827.0,62827.0,,
197,Aug 2019,Bakool,Waajid,66081.0,40383.0,13461.0,2447.0,0.0,63634.0,39159.0,11014.0,8566.0,0.0,,,,,,122373.0,122373.0,,
198,Aug 2019,Bakool,Xudur,58713.0,41938.0,15577.0,3595.0,0.0,56317.0,39542.0,13181.0,10784.0,0.0,,,,,,119823.0,119823.0,,
200,Aug 2019,Banadir,Banadir,1353187.0,214530.0,66009.0,33005.0,0.0,1122155.0,330046.0,148521.0,49507.0,0.0,,,,,,1650228.0,1650228.0,,
202,Aug 2019,Bari,Bandarbeyla,9858.0,3715.0,714.0,0.0,0.0,8144.0,4429.0,1572.0,0.0,0.0,,,,,,14287.0,14287.0,,
203,Aug 2019,Bari,Bossaso,308610.0,137688.0,23739.0,4748.0,0.0,270627.0,151931.0,42731.0,9496.0,0.0,,,,,,474785.0,474785.0,,
204,Aug 2019,Bari,Caluula,27433.0,19951.0,1496.0,998.0,0.0,22445.0,22445.0,2993.0,1496.0,0.0,,,,,,49878.0,49878.0,,
205,Aug 2019,Bari,Iskushuban,42856.0,12676.0,3622.0,604.0,0.0,33199.0,16901.0,8451.0,1811.0,0.0,,,,,,60361.0,60361.0,,
206,Aug 2019,Bari,Qandala,32733.0,14604.0,2518.0,1007.0,0.0,25683.0,17625.0,5036.0,2014.0,0.0,,,,,,50358.0,50358.0,,
207,Aug 2019,Bari,Qardho,55530.0,20924.0,4024.0,805.0,0.0,47482.0,23339.0,8853.0,805.0,0.0,,,,,,80478.0,80478.0,,
209,Aug 2019,Bay,Baydhaba,265482.0,98993.0,71995.0,13499.0,0.0,161989.0,130491.0,121492.0,31498.0,0.0,,,,,,449969.0,449969.0,,
210,Aug 2019,Bay,Buur hakaba,79487.0,17949.0,24359.0,5128.0,0.0,56410.0,26923.0,28205.0,15385.0,0.0,,,,,,128205.0,128205.0,,
211,Aug 2019,Bay,Diinsoor,83894.0,31822.0,23143.0,5786.0,0.0,60751.0,40501.0,28929.0,14465.0,0.0,,,,,,144645.0,144645.0,,
212,Aug 2019,Bay,Qansax dheere,40924.0,11792.0,13873.0,2775.0,0.0,26358.0,17341.0,17341.0,7630.0,0.0,,,,,,69363.0,69363.0,,
214,Aug 2019,Galgaduud,Cabudwaaq,68518.0,77455.0,1490.0,1490.0,0.0,40217.0,101287.0,5958.0,1490.0,0.0,,,,,,148952.0,148952.0,,
215,Aug 2019,Galgaduud,Cadaado,63755.0,39982.0,4322.0,1081.0,0.0,47546.0,49708.0,8645.0,1081.0,0.0,,,,,,108060.0,108060.0,,
216,Aug 2019,Galgaduud,Ceel buur,38395.0,30867.0,6023.0,0.0,0.0,27855.0,39148.0,8281.0,0.0,0.0,,,,,,75285.0,75285.0,,
217,Aug 2019,Galgaduud,Ceel dheer,58712.0,31931.0,12360.0,0.0,0.0,51502.0,39142.0,12360.0,0.0,0.0,,,,,,103004.0,103004.0,,
218,Aug 2019,Galgaduud,Dhuusamarreeb,77797.0,42923.0,12072.0,1341.0,0.0,56336.0,53653.0,21461.0,1341.0,0.0,,,,,,134133.0,134133.0,,
220,Aug 2019,Gedo,Baardheere,64811.0,46468.0,8560.0,2446.0,0.0,42800.0,62365.0,13451.0,3669.0,0.0,,,,,,122285.0,122285.0,,
221,Aug 2019,Gedo,Belet xaawo,43342.0,35316.0,1605.0,803.0,0.0,21671.0,56184.0,1605.0,803.0,0.0,,,,,,80263.0,80263.0,,
222,Aug 2019,Gedo,Ceel waaq,19707.0,20992.0,1714.0,857.0,0.0,13709.0,26561.0,1714.0,857.0,0.0,,,,,,42841.0,42841.0,,
223,Aug 2019,Gedo,Doolow,22517.0,37998.0,8444.0,1407.0,0.0,9148.0,42924.0,15481.0,2815.0,0.0,,,,,,70367.0,70367.0,,
224,Aug 2019,Gedo,Garbahaarey,75223.0,70709.0,3009.0,0.0,0.0,18053.0,127878.0,3009.0,1504.0,0.0,,,,,,150445.0,150445.0,,
225,Aug 2019,Gedo,Luuq,22367.0,17302.0,2110.0,422.0,0.0,17302.0,21523.0,2532.0,844.0,0.0,,,,,,42201.0,42201.0,,
227,Aug 2019,Hiraan,Belet weyne,136322.0,66875.0,48870.0,2572.0,0.0,113173.0,77163.0,61731.0,7716.0,0.0,,,,,,257211.0,257211.0,,
228,Aug 2019,Hiraan,Bulo burto,71996.0,31577.0,21472.0,1263.0,0.0,64417.0,34103.0,25262.0,2526.0,0.0,,,,,,126308.0,126308.0,,
229,Aug 2019,Hiraan,Jalalaqsi,86415.0,31548.0,17832.0,1372.0,0.0,80929.0,34292.0,20575.0,2743.0,0.0,,,,,,137167.0,137167.0,,
231,Aug 2019,Juba Dhexe,Bu'aale,65429.0,23514.0,13290.0,0.0,0.0,55206.0,27603.0,18402.0,1022.0,0.0,,,,,,102233.0,102233.0,,
232,Aug 2019,Juba Dhexe,Jilib,117060.0,37246.0,24831.0,0.0,0.0,104645.0,37246.0,35473.0,0.0,0.0,,,,,,177364.0,177364.0,,
233,Aug 2019,Juba Dhexe,Saakow,48329.0,24164.0,10832.0,833.0,0.0,41663.0,25831.0,14165.0,833.0,0.0,,,,,,83325.0,83325.0,,
235,Aug 2019,Juba Hoose,Afmadow,144605.0,21691.0,10845.0,3615.0,0.0,131952.0,25306.0,18076.0,3615.0,0.0,,,,,,180756.0,180756.0,,
236,Aug 2019,Juba Hoose,Badhaadhe,33035.0,3304.0,3716.0,826.0,0.0,29319.0,2891.0,7433.0,1652.0,0.0,,,,,,41294.0,41294.0,,
237,Aug 2019,Juba Hoose,Jamaame,46255.0,11564.0,13009.0,1445.0,0.0,35414.0,11564.0,23128.0,2168.0,0.0,,,,,,72274.0,72274.0,,
238,Aug 2019,Juba Hoose,Kismaayo,115040.0,40946.0,23398.0,15599.0,0.0,74094.0,52645.0,42896.0,25348.0,0.0,,,,,,194983.0,194983.0,,
240,Aug 2019,Mudug,Gaalkacyo,243770.0,130291.0,37826.0,4203.0,0.0,210147.0,142900.0,54638.0,12609.0,0.0,,,,,,420293.0,420293.0,,
241,Aug 2019,Mudug,Galdogob,58700.0,33680.0,2887.0,962.0,0.0,50039.0,37529.0,5774.0,2887.0,0.0,,,,,,96229.0,96229.0,,
242,Aug 2019,Mudug,Hobyo,57651.0,20718.0,11710.0,0.0,0.0,46842.0,26123.0,18016.0,0.0,0.0,,,,,,90080.0,90080.0,,
243,Aug 2019,Mudug,Jariiban,49386.0,20835.0,6173.0,772.0,0.0,43212.0,25464.0,7717.0,772.0,0.0,,,,,,77165.0,77165.0,,
244,Aug 2019,Mudug,Xarardheere,26936.0,5796.0,1364.0,0.0,0.0,25913.0,6137.0,2046.0,0.0,0.0,,,,,,34096.0,34096.0,,
246,Aug 2019,Nugaal,Burtinle,37455.0,21490.0,1228.0,614.0,0.0,33157.0,23946.0,3070.0,1228.0,0.0,,,,,,61401.0,61401.0,,
247,Aug 2019,Nugaal,Eyl,60029.0,24935.0,6465.0,924.0,0.0,48947.0,30476.0,11082.0,1847.0,0.0,,,,,,92352.0,92352.0,,
248,Aug 2019,Nugaal,Garoowe,176819.0,47789.0,11947.0,2389.0,0.0,148145.0,59736.0,28673.0,2389.0,0.0,,,,,,238944.0,238944.0,,
250,Aug 2019,Sanaag,Ceel afweyn,63171.0,38141.0,13111.0,4768.0,0.0,44100.0,45292.0,20262.0,9535.0,0.0,,,,,,119190.0,119190.0,,
251,Aug 2019,Sanaag,Ceerigaabo,104280.0,52140.0,24208.0,5586.0,0.0,81935.0,59589.0,33519.0,11173.0,0.0,,,,,,186215.0,186215.0,,
252,Aug 2019,Sanaag,Laasqoray,136070.0,69229.0,23872.0,11936.0,0.0,90713.0,83552.0,38195.0,23872.0,0.0,,,,,,238719.0,238719.0,,
254,Aug 2019,Shabelle Dhexe,Adan yabaal,26501.0,9465.0,1514.0,0.0,0.0,26123.0,10222.0,1514.0,0.0,0.0,,,,,,37859.0,37859.0,,
255,Aug 2019,Shabelle Dhexe,Balcad,131089.0,65545.0,12686.0,2114.0,0.0,105717.0,80345.0,21143.0,6343.0,0.0,,,,,,211434.0,211434.0,,
256,Aug 2019,Shabelle Dhexe,Cadale,58589.0,21762.0,3348.0,0.0,0.0,56915.0,23436.0,3348.0,0.0,0.0,,,,,,83699.0,83699.0,,
257,Aug 2019,Shabelle Dhexe,Jowhar,113487.0,60404.0,5491.0,1830.0,0.0,87861.0,78708.0,12813.0,3661.0,0.0,,,,,,183043.0,183043.0,,
259,Aug 2019,Shabelle Hoose,Afgooye,162958.0,84108.0,13142.0,2628.0,0.0,99878.0,131418.0,23655.0,7885.0,0.0,,,,,,262836.0,262836.0,,
260,Aug 2019,Shabelle Hoose,Baraawe,50016.0,20721.0,0.0,0.0,0.0,40727.0,30009.0,715.0,0.0,0.0,,,,,,71451.0,71451.0,,
261,Aug 2019,Shabelle Hoose,Kurtunwaarey,169803.0,69465.0,12864.0,5146.0,0.0,133785.0,84902.0,28301.0,10291.0,0.0,,,,,,257278.0,257278.0,,
262,Aug 2019,Shabelle Hoose,Marka,122709.0,63333.0,7917.0,1979.0,0.0,75208.0,100938.0,15833.0,5938.0,0.0,,,,,,197917.0,197917.0,,
263,Aug 2019,Shabelle Hoose,Qoryooley,186303.0,73392.0,14114.0,5646.0,0.0,138316.0,101620.0,31050.0,11291.0,0.0,,,,,,282277.0,282277.0,,
264,Aug 2019,Shabelle Hoose,Sablaale,16469.0,6987.0,998.0,250.0,0.0,11478.0,10730.0,2246.0,749.0,0.0,,,,,,24953.0,24953.0,,
265,Aug 2019,Shabelle Hoose,Wanla weyn,78076.0,22157.0,4220.0,1055.0,0.0,61195.0,33763.0,7386.0,2110.0,0.0,,,,,,105508.0,105508.0,,
267,Aug 2019,Sool,Caynabo,11665.0,14776.0,10887.0,1166.0,0.0,7777.0,11665.0,17109.0,2333.0,0.0,,,,,,38883.0,38883.0,,
268,Aug 2019,Sool,Laas caanood,105978.0,68444.0,35326.0,11039.0,0.0,61821.0,79484.0,57405.0,22079.0,0.0,,,,,,220788.0,220788.0,,
269,Aug 2019,Sool,Taleex,11557.0,14638.0,10786.0,1156.0,0.0,7319.0,11557.0,16950.0,2697.0,0.0,,,,,,38522.0,38522.0,,
270,Aug 2019,Sool,Xudun,6139.0,12278.0,10524.0,585.0,0.0,3800.0,8186.0,15786.0,1169.0,0.0,,,,,,29234.0,29234.0,,
272,Aug 2019,Togdheer,Burco,246942.0,141109.0,48506.0,4410.0,0.0,229303.0,145519.0,57326.0,8819.0,0.0,,,,,,440967.0,440967.0,,
273,Aug 2019,Togdheer,Buuhoodle,52752.0,48165.0,13761.0,0.0,0.0,44725.0,49312.0,20642.0,0.0,0.0,,,,,,114679.0,114679.0,,
274,Aug 2019,Togdheer,Owdweyne,45886.0,41896.0,10973.0,0.0,0.0,35911.0,44888.0,17955.0,0.0,0.0,,,,,,99752.0,99752.0,,
275,Aug 2019,Togdheer,Sheikh,26386.0,30344.0,7916.0,660.0,0.0,23088.0,32983.0,8576.0,1319.0,0.0,,,,,,65966.0,65966.0,,
277,Aug 2019,Woqooyi Galbeed,Berbera,78676.0,80465.0,12517.0,5364.0,0.0,62584.0,80465.0,25033.0,10729.0,0.0,,,,,,178810.0,178810.0,,
278,Aug 2019,Woqooyi Galbeed,Gebiley,48621.0,49656.0,4138.0,2069.0,0.0,36207.0,49656.0,14483.0,3103.0,0.0,,,,,,103449.0,103449.0,,
279,Aug 2019,Woqooyi Galbeed,Hargeysa,489469.0,431885.0,28792.0,9597.0,0.0,441482.0,374300.0,134364.0,9597.0,0.0,,,,,,959744.0,959744.0,,
283,Jan 2019,Awdal,Baki,35734.0,46653.0,15882.0,993.0,0.0,32756.0,47646.0,17867.0,993.0,0.0,,,,,,99262.0,99262.0,,
284,Jan 2019,Awdal,Borama,250589.0,67619.0,79552.0,0.0,0.0,238656.0,71597.0,87507.0,0.0,0.0,,,,,,397760.0,397760.0,,
285,Jan 2019,Awdal,Lughaye,21877.0,34805.0,30827.0,11933.0,0.0,17900.0,42760.0,22872.0,15911.0,0.0,,,,,,99442.0,99442.0,,
286,Jan 2019,Awdal,Zeylac,18432.0,26112.0,22272.0,9984.0,0.0,15360.0,32256.0,15360.0,13824.0,0.0,,,,,,76800.0,76800.0,,
288,Jan 2019,Bakool,Ceel barde,54740.0,7464.0,0.0,0.0,0.0,54740.0,7464.0,0.0,0.0,0.0,,,,,,62204.0,62204.0,,
289,Jan 2019,Bakool,Tayeeglow,49005.0,10681.0,3141.0,0.0,0.0,49005.0,9424.0,4398.0,0.0,0.0,,,,,,62827.0,62827.0,,
290,Jan 2019,Bakool,Waajid,95451.0,20803.0,4895.0,0.0,0.0,95451.0,19580.0,7342.0,0.0,0.0,,,,,,122373.0,122373.0,,
291,Jan 2019,Bakool,Xudur,91065.0,22766.0,5991.0,0.0,0.0,91065.0,20370.0,8388.0,0.0,0.0,,,,,,119823.0,119823.0,,
293,Jan 2019,Banadir,Banadir,1039644.0,544575.0,49507.0,33005.0,0.0,957132.0,544575.0,99014.0,49507.0,0.0,,,,,,1650228.0,1650228.0,,
295,Jan 2019,Bari,Bandarbeyla,6001.0,6858.0,1143.0,0.0,0.0,7144.0,5429.0,1572.0,0.0,0.0,,,,,,14287.0,14287.0,,
296,Jan 2019,Bari,Bossaso,242140.0,170923.0,56974.0,4748.0,0.0,218401.0,170923.0,80713.0,4748.0,0.0,,,,,,474785.0,474785.0,,
297,Jan 2019,Bari,Caluula,23941.0,22944.0,2993.0,0.0,0.0,22445.0,22944.0,4489.0,0.0,0.0,,,,,,49878.0,49878.0,,
298,Jan 2019,Bari,Iskushuban,28370.0,24748.0,7243.0,0.0,0.0,31388.0,19316.0,9658.0,0.0,0.0,,,,,,60361.0,60361.0,,
299,Jan 2019,Bari,Qandala,26186.0,19136.0,4532.0,0.0,0.0,25179.0,18129.0,7050.0,0.0,0.0,,,,,,50358.0,50358.0,,
300,Jan 2019,Bari,Qardho,42653.0,31386.0,6438.0,0.0,0.0,41849.0,27363.0,11267.0,0.0,0.0,,,,,,80478.0,80478.0,,
302,Jan 2019,Bay,Baydhaba,233984.0,125991.0,76495.0,13499.0,0.0,197986.0,107993.0,130491.0,13499.0,0.0,,,,,,449969.0,449969.0,,
303,Jan 2019,Bay,Buur hakaba,94872.0,23077.0,10256.0,0.0,0.0,94872.0,16667.0,17949.0,0.0,0.0,,,,,,128205.0,128205.0,,
304,Jan 2019,Bay,Diinsoor,112823.0,21697.0,10125.0,0.0,0.0,112823.0,13018.0,17357.0,0.0,0.0,,,,,,144645.0,144645.0,,
305,Jan 2019,Bay,Qansax dheere,50635.0,13179.0,5549.0,0.0,0.0,50635.0,7630.0,10404.0,0.0,0.0,,,,,,69363.0,69363.0,,
307,Jan 2019,Galgaduud,Cabudwaaq,84903.0,59581.0,4469.0,0.0,0.0,84903.0,59581.0,4469.0,0.0,0.0,,,,,,148952.0,148952.0,,
308,Jan 2019,Galgaduud,Cadaado,60514.0,41063.0,6484.0,0.0,0.0,63755.0,36740.0,8645.0,0.0,0.0,,,,,,108060.0,108060.0,,
309,Jan 2019,Galgaduud,Ceel buur,39901.0,31620.0,3764.0,0.0,0.0,42160.0,26350.0,6023.0,0.0,0.0,,,,,,75285.0,75285.0,,
310,Jan 2019,Galgaduud,Ceel dheer,73133.0,28841.0,2060.0,0.0,0.0,73133.0,28841.0,2060.0,0.0,0.0,,,,,,103004.0,103004.0,,
311,Jan 2019,Galgaduud,Dhuusamarreeb,54995.0,65725.0,14755.0,0.0,0.0,54995.0,53653.0,25485.0,1341.0,0.0,,,,,,134133.0,134133.0,,
313,Jan 2019,Gedo,Baardheere,100274.0,18343.0,2446.0,0.0,0.0,100274.0,18343.0,2446.0,0.0,0.0,,,,,,122285.0,122285.0,,
314,Jan 2019,Gedo,Belet xaawo,77052.0,3211.0,0.0,0.0,0.0,77052.0,3211.0,0.0,0.0,0.0,,,,,,80263.0,80263.0,,
315,Jan 2019,Gedo,Ceel waaq,39842.0,2999.0,0.0,0.0,0.0,39842.0,2999.0,0.0,0.0,0.0,,,,,,42841.0,42841.0,,
316,Jan 2019,Gedo,Doolow,23221.0,28147.0,14073.0,4926.0,0.0,27443.0,16888.0,21110.0,4926.0,0.0,,,,,,70367.0,70367.0,,
317,Jan 2019,Gedo,Garbahaarey,142923.0,7522.0,0.0,0.0,0.0,142923.0,7522.0,0.0,0.0,0.0,,,,,,150445.0,150445.0,,
318,Jan 2019,Gedo,Luuq,36715.0,5064.0,422.0,0.0,0.0,36715.0,5064.0,422.0,0.0,0.0,,,,,,42201.0,42201.0,,
320,Jan 2019,Hiraan,Belet weyne,164615.0,66875.0,25721.0,0.0,0.0,159471.0,66875.0,30865.0,0.0,0.0,,,,,,257211.0,257211.0,,
321,Jan 2019,Hiraan,Bulo burto,99783.0,16420.0,10105.0,0.0,0.0,97257.0,16420.0,12631.0,0.0,0.0,,,,,,126308.0,126308.0,,
322,Jan 2019,Hiraan,Jalalaqsi,112477.0,16460.0,8230.0,0.0,0.0,109734.0,16460.0,10973.0,0.0,0.0,,,,,,137167.0,137167.0,,
324,Jan 2019,Juba Dhexe,Bu'aale,82809.0,18402.0,1022.0,0.0,0.0,82809.0,18402.0,1022.0,0.0,0.0,,,,,,102233.0,102233.0,,
325,Jan 2019,Juba Dhexe,Jilib,145438.0,28378.0,1774.0,0.0,0.0,141891.0,31926.0,1774.0,0.0,0.0,,,,,,177364.0,177364.0,,
326,Jan 2019,Juba Dhexe,Saakow,63327.0,18332.0,2500.0,0.0,0.0,63327.0,18332.0,2500.0,0.0,0.0,,,,,,83325.0,83325.0,,
328,Jan 2019,Juba Hoose,Afmadow,151835.0,21691.0,3615.0,1808.0,0.0,150027.0,21691.0,7230.0,1808.0,0.0,,,,,,180756.0,180756.0,,
329,Jan 2019,Juba Hoose,Badhaadhe,35513.0,5781.0,413.0,0.0,0.0,34687.0,6194.0,413.0,0.0,0.0,,,,,,41294.0,41294.0,,
330,Jan 2019,Juba Hoose,Jamaame,57819.0,13732.0,1445.0,0.0,0.0,56374.0,15178.0,1445.0,0.0,0.0,,,,,,72274.0,72274.0,,
331,Jan 2019,Juba Hoose,Kismaayo,89692.0,79943.0,21448.0,3900.0,0.0,68244.0,79943.0,38997.0,7799.0,0.0,,,,,,194983.0,194983.0,,
333,Jan 2019,Mudug,Gaalkacyo,247973.0,130291.0,42029.0,0.0,0.0,235364.0,126088.0,58841.0,0.0,0.0,,,,,,420293.0,420293.0,,
334,Jan 2019,Mudug,Galdogob,58700.0,32718.0,5774.0,0.0,0.0,58700.0,32718.0,5774.0,0.0,0.0,,,,,,96229.0,96229.0,,
335,Jan 2019,Mudug,Hobyo,43238.0,37834.0,8107.0,0.0,0.0,47742.0,29726.0,12611.0,0.0,0.0,,,,,,90080.0,90080.0,,
336,Jan 2019,Mudug,Jariiban,43212.0,28551.0,5402.0,0.0,0.0,43212.0,27008.0,7717.0,0.0,0.0,,,,,,77165.0,77165.0,,
337,Jan 2019,Mudug,Xarardheere,29323.0,4432.0,341.0,0.0,0.0,29323.0,4432.0,341.0,0.0,0.0,,,,,,34096.0,34096.0,,
339,Jan 2019,Nugaal,Burtinle,43595.0,14736.0,3070.0,0.0,0.0,43595.0,14736.0,3070.0,0.0,0.0,,,,,,61401.0,61401.0,,
340,Jan 2019,Nugaal,Eyl,48023.0,35094.0,9235.0,0.0,0.0,51717.0,29553.0,11082.0,0.0,0.0,,,,,,92352.0,92352.0,,
341,Jan 2019,Nugaal,Garoowe,148145.0,71683.0,19116.0,0.0,0.0,160092.0,54957.0,23894.0,0.0,0.0,,,,,,238944.0,238944.0,,
343,Jan 2019,Sanaag,Ceel afweyn,34565.0,65555.0,17879.0,1192.0,0.0,36949.0,56019.0,25030.0,1192.0,0.0,,,,,,119190.0,119190.0,,
344,Jan 2019,Sanaag,Ceerigaabo,67037.0,93108.0,26070.0,0.0,0.0,68900.0,80072.0,37243.0,0.0,0.0,,,,,,186215.0,186215.0,,
345,Jan 2019,Sanaag,Laasqoray,69229.0,136070.0,33421.0,0.0,0.0,76390.0,109811.0,54905.0,0.0,0.0,,,,,,238719.0,238719.0,,
347,Jan 2019,Shabelle Dhexe,Adan yabaal,28394.0,7572.0,1514.0,0.0,0.0,28394.0,7572.0,1514.0,0.0,0.0,,,,,,37859.0,37859.0,,
348,Jan 2019,Shabelle Dhexe,Balcad,173376.0,31715.0,4229.0,0.0,0.0,173376.0,31715.0,4229.0,0.0,0.0,,,,,,211434.0,211434.0,,
349,Jan 2019,Shabelle Dhexe,Cadale,62774.0,17577.0,3348.0,0.0,0.0,62774.0,17577.0,3348.0,0.0,0.0,,,,,,83699.0,83699.0,,
350,Jan 2019,Shabelle Dhexe,Jowhar,170230.0,10983.0,1830.0,0.0,0.0,170230.0,10983.0,1830.0,0.0,0.0,,,,,,183043.0,183043.0,,
352,Jan 2019,Shabelle Hoose,Afgooye,239181.0,23655.0,2628.0,0.0,0.0,239181.0,23655.0,2628.0,0.0,0.0,,,,,,262836.0,262836.0,,
353,Jan 2019,Shabelle Hoose,Baraawe,66449.0,5002.0,0.0,0.0,0.0,62162.0,8574.0,0.0,0.0,0.0,,,,,,71451.0,71451.0,,
354,Jan 2019,Shabelle Hoose,Kurtunwaarey,223832.0,23155.0,10291.0,0.0,0.0,221259.0,28301.0,10291.0,0.0,0.0,,,,,,257278.0,257278.0,,
355,Jan 2019,Shabelle Hoose,Marka,180104.0,11875.0,5938.0,0.0,0.0,178125.0,13854.0,5938.0,0.0,0.0,,,,,,197917.0,197917.0,,
356,Jan 2019,Shabelle Hoose,Qoryooley,248404.0,25405.0,8468.0,0.0,0.0,248404.0,25405.0,8468.0,0.0,0.0,,,,,,282277.0,282277.0,,
357,Jan 2019,Shabelle Hoose,Sablaale,22707.0,1497.0,749.0,0.0,0.0,22707.0,1497.0,749.0,0.0,0.0,,,,,,24953.0,24953.0,,
358,Jan 2019,Shabelle Hoose,Wanla weyn,96012.0,9496.0,0.0,0.0,0.0,96012.0,9496.0,0.0,0.0,0.0,,,,,,105508.0,105508.0,,
360,Jan 2019,Sool,Caynabo,6999.0,19442.0,12443.0,0.0,0.0,7777.0,17109.0,13998.0,0.0,0.0,,,,,,38883.0,38883.0,,
361,Jan 2019,Sool,Laas caanood,86107.0,99355.0,35326.0,0.0,0.0,77276.0,83899.0,59613.0,0.0,0.0,,,,,,220788.0,220788.0,,
362,Jan 2019,Sool,Taleex,6549.0,20031.0,11942.0,0.0,0.0,7319.0,17335.0,13868.0,0.0,0.0,,,,,,38522.0,38522.0,,
363,Jan 2019,Sool,Xudun,3508.0,14617.0,11109.0,0.0,0.0,4093.0,13448.0,11694.0,0.0,0.0,,,,,,29234.0,29234.0,,
365,Jan 2019,Togdheer,Burco,224893.0,149929.0,61735.0,4410.0,0.0,216074.0,145519.0,74964.0,4410.0,0.0,,,,,,440967.0,440967.0,,
366,Jan 2019,Togdheer,Buuhoodle,38991.0,61927.0,13761.0,0.0,0.0,38991.0,56193.0,19495.0,0.0,0.0,,,,,,114679.0,114679.0,,
367,Jan 2019,Togdheer,Owdweyne,30923.0,55861.0,12968.0,0.0,0.0,29926.0,49876.0,18953.0,0.0,0.0,,,,,,99752.0,99752.0,,
368,Jan 2019,Togdheer,Sheikh,26386.0,29685.0,9235.0,0.0,0.0,26386.0,29685.0,9895.0,0.0,0.0,,,,,,65966.0,65966.0,,
370,Jan 2019,Woqooyi Galbeed,Berbera,67948.0,73312.0,30398.0,5364.0,0.0,64372.0,78676.0,28610.0,8941.0,0.0,,,,,,178810.0,178810.0,,
371,Jan 2019,Woqooyi Galbeed,Gebiley,57931.0,36207.0,9310.0,0.0,0.0,49656.0,36207.0,17586.0,0.0,0.0,,,,,,103449.0,103449.0,,
372,Jan 2019,Woqooyi Galbeed,Hargeysa,470275.0,374300.0,115169.0,0.0,0.0,441482.0,364703.0,143962.0,9597.0,0.0,,,,,,959744.0,959744.0,,
376,Jul 2018,Awdal,Baki,63054.0,22667.0,13541.0,,,63505.0,28019.0,6725.0,1014.0,,,,,,,99262.0,99262.0,,
377,Jul 2018,Awdal,Borama,261973.0,70374.0,65412.0,,,268020.0,72313.0,56031.0,1396.0,,,,,,,397760.0,397760.0,,
378,Jul 2018,Awdal,Lughaye,41371.0,17402.0,40670.0,,,19432.0,28703.0,33357.0,17950.0,,,,,,,99442.0,99442.0,,
379,Jul 2018,Awdal,Zeylac,35066.0,10880.0,30853.0,,,16333.0,20454.0,24704.0,15309.0,,,,,,,76800.0,76800.0,,
381,Jul 2018,Bakool,Ceel barde,44981.0,17223.0,,,,56510.0,5694.0,,,,,,,,,62204.0,62204.0,,
382,Jul 2018,Bakool,Tayeeglow,45264.0,13768.0,3795.0,,,49455.0,11474.0,1898.0,,,,,,,,62827.0,62827.0,,
383,Jul 2018,Bakool,Waajid,79078.0,31988.0,11307.0,,,84526.0,29544.0,8303.0,,,,,,,,122373.0,122373.0,,
384,Jul 2018,Bakool,Xudur,71916.0,34167.0,13740.0,,,75660.0,34069.0,10094.0,,,,,,,,119823.0,119823.0,,
386,Jul 2018,Banadir,Banadir,970883.0,455888.0,188667.0,29820.0,4970.0,970883.0,455888.0,188667.0,29820.0,4970.0,,,,,,1650228.0,1650228.0,,
388,Jul 2018,Bari,Bandarbeyla,9728.0,3864.0,695.0,,,8838.0,4190.0,1258.0,,,,,,,,14287.0,14287.0,,
389,Jul 2018,Bari,Bossaso,220668.0,130841.0,89776.0,32103.0,1396.0,201069.0,85206.0,155011.0,32103.0,1396.0,,,,,,474785.0,474785.0,,
390,Jul 2018,Bari,Caluula,31831.0,15321.0,2726.0,,,28259.0,21619.0,,,,,,,,,49878.0,49878.0,,
391,Jul 2018,Bari,Iskushuban,40726.0,14923.0,4712.0,,,40403.0,15468.0,4491.0,,,,,,,,60361.0,60361.0,,
392,Jul 2018,Bari,Qandala,33737.0,12747.0,3875.0,,,33221.0,16508.0,630.0,,,,,,,,50358.0,50358.0,,
393,Jul 2018,Bari,Qardho,51921.0,21978.0,6580.0,,,47154.0,25140.0,8185.0,,,,,,,,80478.0,80478.0,,
395,Jul 2018,Bay,Baydhaba,155559.0,182168.0,104861.0,7380.0,,164940.0,186859.0,90790.0,7380.0,,,,,,,449969.0,449969.0,,
396,Jul 2018,Bay,Buur hakaba,94493.0,21248.0,12464.0,,,98232.0,25610.0,4362.0,,,,,,,,128205.0,128205.0,,
397,Jul 2018,Bay,Diinsoor,103998.0,28596.0,12052.0,,,108721.0,32248.0,3677.0,,,,,,,,144645.0,144645.0,,
398,Jul 2018,Bay,Qansax dheere,47432.0,14485.0,7446.0,,,50558.0,16448.0,2357.0,,,,,,,,69363.0,69363.0,,
400,Jul 2018,Galgaduud,Cabudwaaq,57275.0,65674.0,26003.0,,,57275.0,68758.0,22919.0,,,,,,,,148952.0,148952.0,,
401,Jul 2018,Galgaduud,Cadaado,64394.0,28141.0,15524.0,,,64394.0,31866.0,11800.0,,,,,,,,108060.0,108060.0,,
402,Jul 2018,Galgaduud,Ceel buur,36161.0,26407.0,12717.0,,,36161.0,29386.0,9739.0,,,,,,,,75285.0,75285.0,,
403,Jul 2018,Galgaduud,Ceel dheer,58017.0,31755.0,13232.0,,,58017.0,36073.0,8915.0,,,,,,,,103004.0,103004.0,,
404,Jul 2018,Galgaduud,Dhuusamarreeb,68689.0,32124.0,32091.0,921.0,307.0,68689.0,37025.0,27190.0,921.0,307.0,,,,,,134133.0,134133.0,,
406,Jul 2018,Gedo,Baardheere,86919.0,26201.0,9165.0,,,95900.0,22608.0,3776.0,,,,,,,,122285.0,122285.0,,
407,Jul 2018,Gedo,Belet xaawo,59666.0,18198.0,2399.0,,,64807.0,15456.0,,,,,,,,,80263.0,80263.0,,
408,Jul 2018,Gedo,Ceel waaq,29696.0,10310.0,2835.0,,,35389.0,7452.0,,,,,,,,,42841.0,42841.0,,
409,Jul 2018,Gedo,Doolow,16816.0,23807.0,24574.0,5170.0,,19472.0,22350.0,23375.0,5170.0,,,,,,,70367.0,70367.0,,
410,Jul 2018,Gedo,Garbahaarey,111046.0,35967.0,3433.0,,,115248.0,33633.0,1565.0,,,,,,,,150445.0,150445.0,,
411,Jul 2018,Gedo,Luuq,30024.0,9594.0,2583.0,,,33957.0,7321.0,922.0,,,,,,,,42201.0,42201.0,,
413,Jul 2018,Hiraan,Belet weyne,157158.0,45331.0,40508.0,12293.0,1921.0,161228.0,56002.0,27494.0,10566.0,1921.0,,,,,,257211.0,257211.0,,
414,Jul 2018,Hiraan,Bulo burto,80864.0,29706.0,14262.0,1476.0,,85719.0,32833.0,7757.0,,,,,,,,126308.0,126308.0,,
415,Jul 2018,Hiraan,Jalalaqsi,99692.0,25558.0,10854.0,1063.0,,106513.0,25299.0,5355.0,,,,,,,,137167.0,137167.0,,
417,Jul 2018,Juba Dhexe,Bu'aale,66716.0,26124.0,9353.0,,,72186.0,26929.0,3118.0,,,,,,,,102233.0,102233.0,,
418,Jul 2018,Juba Dhexe,Jilib,119515.0,44102.0,13747.0,,,130073.0,42708.0,4582.0,,,,,,,,177364.0,177364.0,,
419,Jul 2018,Juba Dhexe,Saakow,55078.0,23885.0,4362.0,,,58002.0,23737.0,1586.0,,,,,,,,83325.0,83325.0,,
421,Jul 2018,Juba Hoose,Afmadow,152041.0,18766.0,9789.0,160.0,,161909.0,11377.0,7310.0,160.0,,,,,,,180756.0,180756.0,,
422,Jul 2018,Juba Hoose,Badhaadhe,34492.0,6802.0,,,,36701.0,4593.0,,,,,,,,,41294.0,41294.0,,
423,Jul 2018,Juba Hoose,Jamaame,44983.0,21484.0,5808.0,,,53472.0,14930.0,3872.0,,,,,,,,72274.0,72274.0,,
424,Jul 2018,Juba Hoose,Kismaayo,67182.0,50090.0,66401.0,11310.0,,68714.0,49363.0,66136.0,11310.0,,,,,,,194983.0,194983.0,,
426,Jul 2018,Mudug,Gaalkacyo,203372.0,136071.0,80851.0,,,203200.0,142156.0,74937.0,,,,,,,,420293.0,420293.0,,
427,Jul 2018,Mudug,Galdogob,63127.0,24635.0,8468.0,,,63127.0,28751.0,4352.0,,,,,,,,96229.0,96229.0,,
428,Jul 2018,Mudug,Hobyo,58708.0,17692.0,13680.0,,,58708.0,24045.0,7327.0,,,,,,,,90080.0,90080.0,,
429,Jul 2018,Mudug,Jariiban,50107.0,17251.0,9806.0,,,50107.0,20775.0,6283.0,,,,,,,,77165.0,77165.0,,
430,Jul 2018,Mudug,Xarardheere,22435.0,10763.0,897.0,,,22435.0,11427.0,233.0,,,,,,,,34096.0,34096.0,,
432,Jul 2018,Nugaal,Burtinle,44012.0,12991.0,4398.0,,,38465.0,20737.0,2199.0,,,,,,,,61401.0,61401.0,,
433,Jul 2018,Nugaal,Eyl,60765.0,23259.0,8328.0,,,56069.0,27286.0,8998.0,,,,,,,,92352.0,92352.0,,
434,Jul 2018,Nugaal,Garoowe,169742.0,53983.0,15219.0,,,163258.0,57355.0,18330.0,,,,,,,,238944.0,238944.0,,
436,Jul 2018,Sanaag,Ceel afweyn,76213.0,24779.0,18198.0,,,68786.0,31419.0,17951.0,1034.0,,,,,,,119190.0,119190.0,,
437,Jul 2018,Sanaag,Ceerigaabo,114846.0,44492.0,26877.0,,,107949.0,52173.0,26093.0,,,,,,,,186215.0,186215.0,,
438,Jul 2018,Sanaag,Laasqoray,158502.0,44655.0,35562.0,,,140308.0,55964.0,42447.0,,,,,,,,238719.0,238719.0,,
440,Jul 2018,Shabelle Dhexe,Adan yabaal,29764.0,8096.0,,,,32985.0,4874.0,,,,,,,,,37859.0,37859.0,,
441,Jul 2018,Shabelle Dhexe,Balcad,158368.0,47699.0,5367.0,,,180797.0,27912.0,2725.0,,,,,,,,211434.0,211434.0,,
442,Jul 2018,Shabelle Dhexe,Cadale,65438.0,18261.0,,,,72674.0,11025.0,,,,,,,,,83699.0,83699.0,,
443,Jul 2018,Shabelle Dhexe,Jowhar,136945.0,40341.0,5757.0,,,156058.0,24106.0,2878.0,,,,,,,,183043.0,183043.0,,
445,Jul 2018,Shabelle Hoose,Afgooye,172326.0,90510.0,,,,232338.0,30498.0,,,,,,,,,262836.0,262836.0,,
446,Jul 2018,Shabelle Hoose,Baraawe,46497.0,24954.0,,,,59048.0,12403.0,,,,,,,,,71451.0,71451.0,,
447,Jul 2018,Shabelle Hoose,Kurtunwaarey,199538.0,57740.0,,,,234776.0,22502.0,,,,,,,,,257278.0,257278.0,,
448,Jul 2018,Shabelle Hoose,Marka,125336.0,72581.0,,,,172130.0,25787.0,,,,,,,,,197917.0,197917.0,,
449,Jul 2018,Shabelle Hoose,Qoryooley,216258.0,66019.0,,,,260271.0,22006.0,,,,,,,,,282277.0,282277.0,,
450,Jul 2018,Shabelle Hoose,Sablaale,17571.0,7382.0,,,,22443.0,2510.0,,,,,,,,,24953.0,24953.0,,
451,Jul 2018,Shabelle Hoose,Wanla weyn,83155.0,22353.0,,,,98057.0,7451.0,,,,,,,,,105508.0,105508.0,,
453,Jul 2018,Sool,Caynabo,14407.0,7388.0,17088.0,,,12468.0,9722.0,16693.0,,,,,,,,38883.0,38883.0,,
454,Jul 2018,Sool,Laas caanood,89208.0,41254.0,90327.0,,,82465.0,53594.0,84729.0,,,,,,,,220788.0,220788.0,,
455,Jul 2018,Sool,Taleex,14270.0,7379.0,16873.0,,,12077.0,9250.0,17195.0,,,,,,,,38522.0,38522.0,,
456,Jul 2018,Sool,Xudun,7200.0,6102.0,15932.0,,,6210.0,7328.0,15696.0,,,,,,,,29234.0,29234.0,,
458,Jul 2018,Togdheer,Burco,237600.0,152059.0,42890.0,5828.0,2590.0,269782.0,123699.0,39067.0,5828.0,2590.0,,,,,,440967.0,440967.0,,
459,Jul 2018,Togdheer,Buuhoodle,59716.0,46750.0,8213.0,,,69092.0,41351.0,4236.0,,,,,,,,114679.0,114679.0,,
460,Jul 2018,Togdheer,Owdweyne,56824.0,33246.0,9682.0,,,62513.0,32095.0,5144.0,,,,,,,,99752.0,99752.0,,
461,Jul 2018,Togdheer,Sheikh,40196.0,22695.0,3075.0,,,43933.0,21302.0,731.0,,,,,,,,65966.0,65966.0,,
463,Jul 2018,Woqooyi Galbeed,Berbera,97511.0,41613.0,39686.0,,,86819.0,59152.0,24091.0,8748.0,,,,,,,178810.0,178810.0,,
464,Jul 2018,Woqooyi Galbeed,Gebiley,58261.0,22731.0,22457.0,,,65111.0,25465.0,12872.0,,,,,,,,103449.0,103449.0,,
465,Jul 2018,Woqooyi Galbeed,Hargeysa,508271.0,233778.0,203820.0,7929.0,5947.0,514852.0,316125.0,114892.0,7929.0,,,,,,,959744.0,959744.0,,
469,Jan 2018,Awdal,Baki,67820.0,19377.0,8720.0,969.0,0.0,63944.0,15502.0,15502.0,1938.0,0.0,,,,,,96885.0,96885.0,,
470,Jan 2018,Awdal,Borama,358748.0,23917.0,15944.0,0.0,0.0,267068.0,83708.0,43847.0,3986.0,0.0,,,,,,398609.0,398609.0,,
471,Jan 2018,Awdal,Lughaye,52426.0,12098.0,24197.0,12098.0,0.0,28229.0,13106.0,24197.0,36295.0,0.0,,,,,,100819.0,100819.0,,
472,Jan 2018,Awdal,Zeylac,21546.0,11543.0,20007.0,23855.0,0.0,16160.0,11543.0,19238.0,30011.0,0.0,,,,,,76951.0,76951.0,,
474,Jan 2018,Bakool,Ceel barde,52625.0,6504.0,0.0,0.0,0.0,47894.0,10643.0,591.0,0.0,0.0,,,,,,59129.0,59129.0,,
475,Jan 2018,Bakool,Tayeeglow,51573.0,16209.0,5894.0,0.0,0.0,46415.0,14735.0,12525.0,0.0,0.0,,,,,,73675.0,73675.0,,
476,Jan 2018,Bakool,Waajid,90375.0,21339.0,13807.0,0.0,0.0,79078.0,23849.0,22594.0,0.0,0.0,,,,,,125521.0,125521.0,,
477,Jan 2018,Bakool,Xudur,74053.0,19602.0,15246.0,0.0,0.0,63163.0,19602.0,25047.0,0.0,0.0,,,,,,108902.0,108902.0,,
479,Jan 2018,Banadir,Banadir,1468703.0,132018.0,49507.0,0.0,0.0,1468703.0,132018.0,49507.0,0.0,0.0,,,,,,1650228.0,1650228.0,,
481,Jan 2018,Bari,Bandarbeyla,9908.0,3251.0,2322.0,0.0,0.0,6657.0,3561.0,3870.0,1393.0,0.0,,,,,,15481.0,15481.0,,
482,Jan 2018,Bari,Bossaso,328696.0,136174.0,4696.0,0.0,0.0,300522.0,164348.0,4696.0,0.0,0.0,,,,,,469566.0,469566.0,,
483,Jan 2018,Bari,Caluula,31351.0,7348.0,10287.0,0.0,0.0,23023.0,7348.0,11757.0,6858.0,0.0,,,,,,48986.0,48986.0,,
484,Jan 2018,Bari,Iskushuban,39138.0,10515.0,9346.0,0.0,0.0,28623.0,11099.0,14604.0,3505.0,0.0,,,,,,58415.0,58415.0,,
485,Jan 2018,Bari,Qandala,29182.0,11464.0,10943.0,0.0,0.0,23971.0,7296.0,13549.0,7817.0,0.0,,,,,,52111.0,52111.0,,
486,Jan 2018,Bari,Qardho,60767.0,21397.0,3424.0,0.0,0.0,49641.0,26532.0,5991.0,3424.0,0.0,,,,,,85588.0,85588.0,,
488,Jan 2018,Bay,Baydhaba,227289.0,69449.0,18941.0,0.0,0.0,176780.0,63136.0,75763.0,0.0,0.0,,,,,,315679.0,315679.0,,
489,Jan 2018,Bay,Buur hakaba,141983.0,35496.0,19720.0,0.0,0.0,114375.0,31552.0,49300.0,0.0,0.0,,,,,,197198.0,197198.0,,
490,Jan 2018,Bay,Diinsoor,122452.0,36736.0,15744.0,0.0,0.0,94463.0,33237.0,47232.0,0.0,0.0,,,,,,174932.0,174932.0,,
491,Jan 2018,Bay,Qansax dheere,73061.0,20875.0,9394.0,0.0,0.0,57405.0,16700.0,30268.0,0.0,0.0,,,,,,104373.0,104373.0,,
493,Jan 2018,Galgaduud,Cabudwaaq,72391.0,14274.0,14274.0,0.0,0.0,56050.0,14267.0,27515.0,3057.0,0.0,,,,,,101959.0,101909.0,,
494,Jan 2018,Galgaduud,Cadaado,92007.0,18142.0,19438.0,0.0,0.0,81640.0,10367.0,29805.0,6479.0,0.0,,,,,,129588.0,129588.0,,
495,Jan 2018,Galgaduud,Ceel buur,62708.0,9197.0,11705.0,0.0,0.0,55183.0,6689.0,15886.0,6689.0,0.0,,,,,,83610.0,83610.0,,
496,Jan 2018,Galgaduud,Ceel dheer,74712.0,13184.0,20875.0,0.0,0.0,64823.0,9888.0,29665.0,4395.0,0.0,,,,,,109870.0,109870.0,,
497,Jan 2018,Galgaduud,Dhuusamarreeb,96753.0,21661.0,25993.0,0.0,0.0,83756.0,15885.0,31770.0,12997.0,0.0,,,,,,144407.0,144407.0,,
499,Jan 2018,Gedo,Baardheere,150776.0,26608.0,0.0,0.0,0.0,125943.0,40798.0,10643.0,0.0,0.0,,,,,,177384.0,177384.0,,
500,Jan 2018,Gedo,Belet xaawo,73142.0,9974.0,0.0,0.0,0.0,62337.0,19948.0,831.0,0.0,0.0,,,,,,83116.0,83116.0,,
501,Jan 2018,Gedo,Ceel waaq,54642.0,5404.0,0.0,0.0,0.0,46836.0,13210.0,0.0,0.0,0.0,,,,,,60046.0,60046.0,,
502,Jan 2018,Gedo,Doolow,36296.0,4949.0,0.0,0.0,0.0,31346.0,9486.0,412.0,0.0,0.0,,,,,,41245.0,41245.0,,
503,Jan 2018,Gedo,Garbahaarey,66179.0,10773.0,0.0,0.0,0.0,57714.0,18468.0,770.0,0.0,0.0,,,,,,76952.0,76952.0,,
504,Jan 2018,Gedo,Luuq,61301.0,8359.0,0.0,0.0,0.0,54335.0,14629.0,697.0,0.0,0.0,,,,,,69660.0,69660.0,,
506,Jan 2018,Hiraan,Belet weyne,148185.0,32930.0,47043.0,9409.0,0.0,134072.0,30578.0,49395.0,21169.0,0.0,,,,,,235214.0,235214.0,,
507,Jan 2018,Hiraan,Bulo burto,88501.0,16594.0,29039.0,5531.0,0.0,81587.0,19360.0,27657.0,9680.0,0.0,,,,,,138283.0,138283.0,,
508,Jan 2018,Hiraan,Jalalaqsi,103032.0,20606.0,19135.0,4416.0,0.0,97145.0,23550.0,19135.0,7359.0,0.0,,,,,,147189.0,147189.0,,
510,Jan 2018,Juba Dhexe,Bu'aale,94818.0,14168.0,0.0,0.0,0.0,91548.0,17438.0,0.0,0.0,0.0,,,,,,108986.0,108986.0,,
511,Jan 2018,Juba Dhexe,Jilib,134611.0,24475.0,15734.0,0.0,0.0,134611.0,24475.0,12237.0,3496.0,0.0,,,,,,174819.0,174819.0,,
512,Jan 2018,Juba Dhexe,Saakow,68831.0,10285.0,0.0,0.0,0.0,64875.0,13450.0,791.0,0.0,0.0,,,,,,79116.0,79116.0,,
514,Jan 2018,Juba Hoose,Afmadow,146612.0,24148.0,1725.0,0.0,0.0,137988.0,31047.0,3450.0,0.0,0.0,,,,,,172485.0,172485.0,,
515,Jan 2018,Juba Hoose,Badhaadhe,44381.0,6741.0,5056.0,0.0,0.0,39886.0,7865.0,8427.0,0.0,0.0,,,,,,56178.0,56178.0,,
516,Jan 2018,Juba Hoose,Jamaame,56788.0,16645.0,24478.0,0.0,0.0,55809.0,20561.0,16645.0,4896.0,0.0,,,,,,97911.0,97911.0,,
517,Jan 2018,Juba Hoose,Kismaayo,100894.0,34174.0,24410.0,3255.0,0.0,99267.0,34174.0,26037.0,3255.0,0.0,,,,,,162733.0,162733.0,,
519,Jan 2018,Mudug,Gaalkacyo,54860.0,66860.0,49716.0,0.0,0.0,48002.0,46288.0,73717.0,5143.0,0.0,,,,,,171436.0,171436.0,,
520,Jan 2018,Mudug,Galdogob,53329.0,16715.0,9551.0,0.0,0.0,44573.0,11939.0,20695.0,3184.0,0.0,,,,,,79595.0,79595.0,,
521,Jan 2018,Mudug,Hobyo,67981.0,18436.0,28806.0,0.0,0.0,56459.0,13827.0,31110.0,13827.0,0.0,,,,,,115222.0,115222.0,,
522,Jan 2018,Mudug,Jariiban,48315.0,17197.0,16378.0,0.0,0.0,40126.0,12284.0,20473.0,8189.0,0.0,,,,,,81890.0,81890.0,,
523,Jan 2018,Mudug,Xarardheere,37932.0,9353.0,4676.0,0.0,0.0,36373.0,6755.0,8833.0,520.0,0.0,,,,,,51961.0,51961.0,,
525,Jan 2018,Nugaal,Burtinle,48073.0,12343.0,5197.0,0.0,0.0,35730.0,14941.0,11693.0,2599.0,0.0,,,,,,64963.0,64963.0,,
526,Jan 2018,Nugaal,Eyl,53482.0,14586.0,13776.0,0.0,0.0,38086.0,13776.0,21879.0,7293.0,0.0,,,,,,81033.0,81033.0,,
527,Jan 2018,Nugaal,Garoowe,189961.0,34538.0,19736.0,0.0,0.0,148021.0,39472.0,41939.0,17269.0,0.0,,,,,,246702.0,246702.0,,
529,Jan 2018,Sanaag,Ceel afweyn,51974.0,20990.0,20990.0,5997.0,0.0,38981.0,19990.0,26987.0,13993.0,0.0,,,,,,99950.0,99950.0,,
530,Jan 2018,Sanaag,Ceerigaabo,106765.0,49276.0,41064.0,8213.0,0.0,84180.0,41064.0,55436.0,24638.0,0.0,,,,,,205318.0,205318.0,,
531,Jan 2018,Sanaag,Laasqoray,117039.0,45382.0,57325.0,21497.0,0.0,74045.0,52548.0,71657.0,40605.0,0.0,,,,,,238855.0,238855.0,,
533,Jan 2018,Shabelle Dhexe,Adan yabaal,30603.0,7178.0,0.0,0.0,0.0,26447.0,11334.0,0.0,0.0,0.0,,,,,,37781.0,37781.0,,
534,Jan 2018,Shabelle Dhexe,Balcad,186790.0,25471.0,0.0,0.0,0.0,161318.0,50943.0,0.0,0.0,0.0,,,,,,212261.0,212261.0,,
535,Jan 2018,Shabelle Dhexe,Cadale,70386.0,16510.0,0.0,0.0,0.0,61696.0,25200.0,0.0,0.0,0.0,,,,,,86896.0,86896.0,,
536,Jan 2018,Shabelle Dhexe,Jowhar,159396.0,19701.0,0.0,0.0,0.0,141487.0,37610.0,0.0,0.0,0.0,,,,,,179097.0,179097.0,,
538,Jan 2018,Shabelle Hoose,Afgooye,205243.0,33412.0,0.0,0.0,0.0,181378.0,50118.0,7160.0,0.0,0.0,,,,,,238655.0,238655.0,,
539,Jan 2018,Shabelle Hoose,Baraawe,42221.0,11111.0,21481.0,0.0,0.0,41480.0,10370.0,17777.0,4444.0,0.0,,,,,,74072.0,74072.0,,
540,Jan 2018,Shabelle Hoose,Kurtunwaarey,178374.0,36724.0,47217.0,0.0,0.0,149520.0,49840.0,57709.0,2623.0,0.0,,,,,,262315.0,262315.0,,
541,Jan 2018,Shabelle Hoose,Marka,154675.0,37677.0,5949.0,0.0,0.0,138811.0,47592.0,9915.0,1983.0,0.0,,,,,,198301.0,198301.0,,
542,Jan 2018,Shabelle Hoose,Qoryooley,222219.0,40935.0,26315.0,0.0,0.0,190056.0,55555.0,43859.0,0.0,0.0,,,,,,292394.0,292394.0,,
543,Jan 2018,Shabelle Hoose,Sablaale,16178.0,4689.0,2579.0,0.0,0.0,14068.0,4924.0,4220.0,0.0,0.0,,,,,,23447.0,23447.0,,
544,Jan 2018,Shabelle Hoose,Wanla weyn,98340.0,14695.0,0.0,0.0,0.0,90428.0,19216.0,3391.0,0.0,0.0,,,,,,113035.0,113035.0,,
546,Jan 2018,Sool,Caynabo,28949.0,12407.0,12998.0,5317.0,0.0,20087.0,14179.0,17133.0,8271.0,0.0,,,,,,59080.0,59080.0,,
547,Jan 2018,Sool,Laas caanood,76655.0,37545.0,32852.0,7822.0,0.0,67268.0,32852.0,42238.0,14079.0,0.0,,,,,,156438.0,156438.0,,
548,Jan 2018,Sool,Taleex,33823.0,12500.0,18382.0,8823.0,0.0,18382.0,18382.0,22794.0,13235.0,0.0,,,,,,73529.0,73529.0,,
549,Jan 2018,Sool,Xudun,17655.0,7676.0,8827.0,4222.0,0.0,11130.0,9595.0,11514.0,6141.0,0.0,,,,,,38380.0,38380.0,,
551,Jan 2018,Togdheer,Burco,280816.0,156520.0,18414.0,4604.0,0.0,280816.0,119692.0,55242.0,9207.0,0.0,,,,,,460354.0,460354.0,,
552,Jan 2018,Togdheer,Buuhoodle,40199.0,29311.0,11725.0,2512.0,0.0,40199.0,22612.0,15912.0,5025.0,0.0,,,,,,83747.0,83747.0,,
553,Jan 2018,Togdheer,Owdweyne,48652.0,22299.0,25340.0,5068.0,0.0,48652.0,18244.0,23312.0,11149.0,0.0,,,,,,101358.0,101358.0,,
554,Jan 2018,Togdheer,Sheikh,44783.0,26566.0,4554.0,759.0,0.0,44783.0,18976.0,11386.0,759.0,0.0,,,,,,75904.0,75904.0,,
556,Jan 2018,Woqooyi Galbeed,Berbera,100325.0,44002.0,24641.0,5280.0,0.0,89764.0,31681.0,36962.0,17601.0,0.0,,,,,,176008.0,176008.0,,
557,Jan 2018,Woqooyi Galbeed,Gebiley,69494.0,23521.0,13899.0,0.0,0.0,62010.0,21383.0,23521.0,0.0,0.0,,,,,,106914.0,106914.0,,
558,Jan 2018,Woqooyi Galbeed,Hargeysa,556267.0,268543.0,124681.0,9591.0,0.0,546676.0,191816.0,201407.0,19182.0,0.0,,,,,,959081.0,959081.0,,
562,Jul 2017,Awdal,Baki,66851.0,7751.0,21315.0,969.0,0.0,63528.0,27793.0,6948.0,993.0,0.0,,,,,,96885.0,99262.0,,
563,Jul 2017,Awdal,Borama,298957.0,71750.0,27903.0,0.0,0.0,266499.0,71597.0,55686.0,0.0,0.0,,,,,,398609.0,397760.0,,
564,Jul 2017,Awdal,Lughaye,51418.0,13106.0,24197.0,12098.0,0.0,19888.0,28838.0,33810.0,0.0,0.0,,,,,,100819.0,99442.0,,
565,Jul 2017,Awdal,Zeylac,35397.0,10773.0,20007.0,10004.0,0.0,16128.0,20736.0,0.0,15360.0,0.0,,,,,,76951.0,76800.0,,
567,Jul 2017,Bakool,Ceel barde,26017.0,7687.0,15965.0,9461.0,0.0,56606.0,5598.0,0.0,0.0,0.0,,,,,,59129.0,62204.0,,
568,Jul 2017,Bakool,Tayeeglow,38311.0,11051.0,11788.0,12525.0,0.0,49633.0,11309.0,1885.0,0.0,0.0,,,,,,73675.0,62827.0,,
569,Jul 2017,Bakool,Waajid,57740.0,12552.0,27615.0,27615.0,0.0,84437.0,29370.0,8566.0,0.0,0.0,,,,,,125521.0,122373.0,,
570,Jul 2017,Bakool,Xudur,47917.0,10890.0,25047.0,23958.0,0.0,75488.0,33550.0,9586.0,0.0,0.0,,,,,,108902.0,119823.0,,
572,Jul 2017,Banadir,Banadir,1188164.0,297041.0,165023.0,0.0,0.0,973635.0,462064.0,181525.0,33005.0,0.0,,,,,,1650228.0,1650228.0,,
574,Jul 2017,Bari,Bandarbeyla,9443.0,3870.0,2322.0,0.0,0.0,8858.0,4143.0,1286.0,0.0,0.0,,,,,,15481.0,14287.0,,
575,Jul 2017,Bari,Bossaso,295827.0,159652.0,9391.0,0.0,0.0,199410.0,85461.0,156679.0,33235.0,0.0,,,,,,469566.0,474785.0,,
576,Jul 2017,Bari,Caluula,21064.0,9307.0,15186.0,3429.0,0.0,28430.0,21448.0,0.0,0.0,0.0,,,,,,48986.0,49878.0,,
577,Jul 2017,Bari,Iskushuban,32712.0,9346.0,14020.0,2337.0,0.0,40442.0,15694.0,4225.0,0.0,0.0,,,,,,58415.0,60361.0,,
578,Jul 2017,Bari,Qandala,23450.0,8859.0,16154.0,3648.0,0.0,33236.0,16618.0,504.0,0.0,0.0,,,,,,52111.0,50358.0,,
579,Jul 2017,Bari,Qardho,54776.0,27388.0,3424.0,0.0,0.0,47482.0,24948.0,8048.0,0.0,0.0,,,,,,85588.0,80478.0,,
581,Jul 2017,Bay,Baydhaba,151526.0,37881.0,75763.0,47352.0,0.0,166489.0,188987.0,89994.0,0.0,0.0,,,,,,315679.0,449969.0,,
582,Jul 2017,Bay,Buur hakaba,100571.0,27608.0,39440.0,29580.0,0.0,98718.0,25641.0,3846.0,0.0,0.0,,,,,,197198.0,128205.0,,
583,Jul 2017,Bay,Diinsoor,82218.0,22741.0,40234.0,27989.0,0.0,108484.0,31822.0,4339.0,0.0,0.0,,,,,,174932.0,144645.0,,
584,Jul 2017,Bay,Qansax dheere,49055.0,11481.0,20875.0,22962.0,0.0,50635.0,16647.0,2081.0,0.0,0.0,,,,,,104373.0,69363.0,,
586,Jul 2017,Galgaduud,Cabudwaaq,45882.0,20392.0,26509.0,10196.0,0.0,56602.0,68518.0,22343.0,0.0,0.0,,,,,,101959.0,148952.0,,
587,Jul 2017,Galgaduud,Cadaado,68682.0,18142.0,29805.0,12959.0,0.0,64836.0,31337.0,11887.0,0.0,0.0,,,,,,129588.0,108060.0,,
588,Jul 2017,Galgaduud,Ceel buur,43477.0,11705.0,17558.0,10033.0,0.0,36137.0,29361.0,9787.0,0.0,0.0,,,,,,83610.0,75285.0,,
589,Jul 2017,Galgaduud,Ceel dheer,51639.0,17579.0,28566.0,13184.0,0.0,57682.0,36051.0,9270.0,0.0,0.0,,,,,,109870.0,103004.0,,
590,Jul 2017,Galgaduud,Dhuusamarreeb,64983.0,24549.0,34658.0,18773.0,0.0,68408.0,37557.0,26827.0,1341.0,0.0,,,,,,144407.0,134133.0,,
592,Jul 2017,Gedo,Baardheere,106430.0,33703.0,30155.0,7095.0,0.0,95382.0,22011.0,3669.0,0.0,0.0,,,,,,177384.0,122285.0,,
593,Jul 2017,Gedo,Belet xaawo,54025.0,9974.0,18286.0,831.0,0.0,65013.0,15250.0,0.0,0.0,0.0,,,,,,83116.0,80263.0,,
594,Jul 2017,Gedo,Ceel waaq,42633.0,8406.0,8406.0,0.0,0.0,35558.0,7283.0,0.0,0.0,0.0,,,,,,60046.0,42841.0,,
595,Jul 2017,Gedo,Doolow,27222.0,4949.0,8661.0,825.0,0.0,19703.0,22517.0,23221.0,4926.0,0.0,,,,,,41245.0,70367.0,,
596,Jul 2017,Gedo,Garbahaarey,48480.0,11543.0,16160.0,1539.0,0.0,115843.0,33098.0,1504.0,0.0,0.0,,,,,,76952.0,150445.0,,
597,Jul 2017,Gedo,Luuq,45976.0,9056.0,13235.0,1393.0,0.0,33761.0,7174.0,844.0,0.0,0.0,,,,,,69660.0,42201.0,,
599,Jul 2017,Hiraan,Belet weyne,96438.0,42339.0,63508.0,35282.0,0.0,162043.0,56586.0,28293.0,10288.0,0.0,,,,,,235214.0,257211.0,,
600,Jul 2017,Hiraan,Bulo burto,64993.0,20742.0,34571.0,17977.0,0.0,85889.0,32840.0,7578.0,0.0,0.0,,,,,,138283.0,126308.0,,
601,Jul 2017,Hiraan,Jalalaqsi,75066.0,23550.0,36797.0,11775.0,0.0,106990.0,24690.0,5487.0,0.0,0.0,,,,,,147189.0,137167.0,,
603,Jul 2017,Juba Dhexe,Bu'aale,76290.0,26157.0,7629.0,0.0,0.0,72585.0,26581.0,3067.0,0.0,0.0,,,,,,108986.0,102233.0,,
604,Jul 2017,Juba Dhexe,Jilib,110136.0,40208.0,24475.0,0.0,0.0,129476.0,42567.0,5321.0,0.0,0.0,,,,,,174819.0,177364.0,,
605,Jul 2017,Juba Dhexe,Saakow,54590.0,18197.0,5538.0,0.0,0.0,58328.0,23331.0,1667.0,0.0,0.0,,,,,,79116.0,83325.0,,
607,Jul 2017,Juba Hoose,Afmadow,122464.0,32772.0,17249.0,0.0,0.0,162680.0,10845.0,7230.0,0.0,0.0,,,,,,172485.0,180756.0,,
608,Jul 2017,Juba Hoose,Badhaadhe,38201.0,8988.0,8427.0,0.0,0.0,36752.0,4542.0,0.0,0.0,0.0,,,,,,56178.0,41294.0,,
609,Jul 2017,Juba Hoose,Jamaame,55809.0,14687.0,27415.0,0.0,0.0,53483.0,15178.0,3614.0,0.0,0.0,,,,,,97911.0,72274.0,,
610,Jul 2017,Juba Hoose,Kismaayo,60211.0,53702.0,24410.0,24410.0,0.0,68244.0,48746.0,66294.0,11699.0,0.0,,,,,,162733.0,194983.0,,
612,Jul 2017,Mudug,Gaalkacyo,13715.0,58288.0,90861.0,8572.0,0.0,201741.0,142900.0,75653.0,0.0,0.0,,,,,,171436.0,420293.0,,
613,Jul 2017,Mudug,Galdogob,43777.0,8755.0,18307.0,8755.0,0.0,63511.0,28869.0,0.0,0.0,0.0,,,,,,79595.0,96229.0,,
614,Jul 2017,Mudug,Hobyo,33414.0,24197.0,33414.0,24197.0,0.0,58552.0,24322.0,7206.0,0.0,0.0,,,,,,115222.0,90080.0,,
615,Jul 2017,Mudug,Jariiban,40945.0,9827.0,21291.0,9827.0,0.0,50157.0,20835.0,6173.0,0.0,0.0,,,,,,81890.0,77165.0,,
616,Jul 2017,Mudug,Xarardheere,33775.0,5196.0,10912.0,2078.0,0.0,22503.0,11593.0,0.0,0.0,0.0,,,,,,51961.0,34096.0,,
618,Jul 2017,Nugaal,Burtinle,32482.0,18190.0,6496.0,7796.0,0.0,38683.0,20876.0,0.0,0.0,0.0,,,,,,64963.0,61401.0,,
619,Jul 2017,Nugaal,Eyl,45378.0,14586.0,14586.0,6483.0,0.0,56335.0,27706.0,0.0,0.0,0.0,,,,,,81033.0,92352.0,,
620,Jul 2017,Nugaal,Garoowe,165290.0,49340.0,22203.0,9868.0,0.0,162482.0,57347.0,19116.0,0.0,0.0,,,,,,246702.0,238944.0,,
622,Jul 2017,Sanaag,Ceel afweyn,39980.0,21989.0,22989.0,14993.0,0.0,69130.0,30989.0,17879.0,1192.0,0.0,,,,,,99950.0,119190.0,,
623,Jul 2017,Sanaag,Ceerigaabo,84180.0,51330.0,41064.0,28745.0,0.0,108005.0,52140.0,26070.0,0.0,0.0,,,,,,205318.0,186215.0,,
624,Jul 2017,Sanaag,Laasqoray,124205.0,28663.0,50160.0,33440.0,0.0,140844.0,54905.0,42969.0,0.0,0.0,,,,,,238855.0,238719.0,,
626,Jul 2017,Shabelle Dhexe,Adan yabaal,24935.0,6045.0,6801.0,0.0,0.0,32937.0,4922.0,0.0,0.0,0.0,,,,,,37781.0,37859.0,,
627,Jul 2017,Shabelle Dhexe,Balcad,152828.0,29717.0,29717.0,0.0,0.0,181833.0,27486.0,2114.0,0.0,0.0,,,,,,212261.0,211434.0,,
628,Jul 2017,Shabelle Dhexe,Cadale,58220.0,13903.0,14772.0,0.0,0.0,72818.0,10881.0,0.0,0.0,0.0,,,,,,86896.0,83699.0,,
629,Jul 2017,Shabelle Dhexe,Jowhar,132532.0,32237.0,12537.0,0.0,0.0,155587.0,23796.0,3661.0,0.0,0.0,,,,,,179097.0,183043.0,,
631,Jul 2017,Shabelle Hoose,Afgooye,164672.0,52504.0,21479.0,0.0,0.0,231296.0,31540.0,0.0,0.0,0.0,,,,,,238655.0,262836.0,,
632,Jul 2017,Shabelle Hoose,Baraawe,42221.0,9629.0,17777.0,4444.0,0.0,59304.0,12147.0,0.0,0.0,0.0,,,,,,74072.0,71451.0,,
633,Jul 2017,Shabelle Hoose,Kurtunwaarey,170505.0,47217.0,41970.0,2623.0,0.0,234123.0,23155.0,0.0,0.0,0.0,,,,,,262315.0,257278.0,,
634,Jul 2017,Shabelle Hoose,Marka,138811.0,27762.0,31728.0,1983.0,0.0,172188.0,25729.0,0.0,0.0,0.0,,,,,,198301.0,197917.0,,
635,Jul 2017,Shabelle Hoose,Qoryooley,201752.0,55555.0,35087.0,0.0,0.0,259695.0,22582.0,0.0,0.0,0.0,,,,,,292394.0,282277.0,,
636,Jul 2017,Shabelle Hoose,Sablaale,15944.0,4220.0,3048.0,0.0,0.0,22458.0,2495.0,0.0,0.0,0.0,,,,,,23447.0,24953.0,,
637,Jul 2017,Shabelle Hoose,Wanla weyn,80255.0,24868.0,6782.0,0.0,0.0,98122.0,7386.0,0.0,0.0,0.0,,,,,,113035.0,105508.0,,
639,Jul 2017,Sool,Caynabo,19496.0,14179.0,17133.0,8271.0,0.0,12443.0,9721.0,16720.0,0.0,0.0,,,,,,59080.0,38883.0,,
640,Jul 2017,Sool,Laas caanood,56318.0,37545.0,43803.0,17208.0,0.0,81692.0,52989.0,83899.0,0.0,0.0,,,,,,156438.0,220788.0,,
641,Jul 2017,Sool,Taleex,33823.0,11029.0,19853.0,8823.0,0.0,11942.0,9245.0,17335.0,0.0,0.0,,,,,,73529.0,38522.0,,
642,Jul 2017,Sool,Xudun,11130.0,9595.0,11514.0,6141.0,0.0,6139.0,7309.0,15786.0,0.0,0.0,,,,,,38380.0,29234.0,,
644,Jul 2017,Togdheer,Burco,267005.0,87467.0,92071.0,13811.0,0.0,268990.0,123471.0,39687.0,4410.0,0.0,,,,,,460354.0,440967.0,,
645,Jul 2017,Togdheer,Buuhoodle,31824.0,20937.0,23449.0,7537.0,0.0,68807.0,41284.0,4587.0,0.0,0.0,,,,,,83747.0,114679.0,,
646,Jul 2017,Togdheer,Owdweyne,30407.0,24326.0,30407.0,16217.0,0.0,62844.0,31921.0,4988.0,0.0,0.0,,,,,,101358.0,99752.0,,
647,Jul 2017,Togdheer,Sheikh,43265.0,12904.0,18217.0,1518.0,0.0,44197.0,21109.0,660.0,0.0,0.0,,,,,,75904.0,65966.0,,
649,Jul 2017,Woqooyi Galbeed,Berbera,100325.0,44002.0,24641.0,5280.0,0.0,87617.0,59007.0,23245.0,8941.0,0.0,,,,,,176008.0,178810.0,,
650,Jul 2017,Woqooyi Galbeed,Gebiley,69494.0,21383.0,16037.0,0.0,0.0,65173.0,25862.0,12414.0,0.0,0.0,,,,,,106914.0,103449.0,,
651,Jul 2017,Woqooyi Galbeed,Hargeysa,527495.0,345269.0,57545.0,19182.0,0.0,518262.0,316716.0,115169.0,9597.0,0.0,,,,,,959081.0,959744.0,,
655,Jan 2017,Awdal,Baki,72664.0,22284.0,1938.0,,,66851.0,20346.0,9689.0,0.0,,,,,,,96885.0,96885.0,,
656,Jan 2017,Awdal,Borama,322873.0,71750.0,3986.0,,,298957.0,83708.0,15944.0,0.0,,,,,,,398609.0,398609.0,,
657,Jan 2017,Awdal,Lughaye,51418.0,13106.0,36295.0,,,51418.0,14115.0,30246.0,6049.0,,,,,,,100819.0,100819.0,,
658,Jan 2017,Awdal,Zeylac,36167.0,10773.0,30011.0,,,35397.0,11543.0,24624.0,5387.0,,,,,,,76951.0,76951.0,,
660,Jan 2017,Bakool,Ceel barde,32521.0,13008.0,14191.0,,,26017.0,7687.0,20695.0,4730.0,,,,,,,59129.0,59129.0,,
661,Jan 2017,Bakool,Tayeeglow,41258.0,14735.0,17682.0,,,35364.0,13262.0,16209.0,8104.0,,,,,,,73675.0,73675.0,,
662,Jan 2017,Bakool,Waajid,64016.0,18828.0,42677.0,,,51464.0,18828.0,36401.0,18828.0,,,,,,,125521.0,125521.0,,
663,Jan 2017,Bakool,Xudur,53362.0,15246.0,40294.0,,,41383.0,17424.0,30493.0,18513.0,,,,,,,108902.0,108902.0,,
665,Jan 2017,Banadir,Banadir,1138657.0,511571.0,,,,1138657.0,379552.0,132018.0,,,,,,,,1650228.0,1650228.0,,
667,Jan 2017,Bari,Bandarbeyla,7431.0,3715.0,3715.0,774.0,,6038.0,4180.0,3251.0,2167.0,,,,,,,15481.0,15481.0,,
668,Jan 2017,Bari,Bossaso,300522.0,164348.0,4696.0,0.0,,300522.0,79826.0,89218.0,0.0,,,,,,,469566.0,469566.0,,
669,Jan 2017,Bari,Caluula,30861.0,10777.0,6858.0,,,25963.0,11267.0,11267.0,,,,,,,,48986.0,48986.0,,
670,Jan 2017,Bari,Iskushuban,32712.0,10515.0,13435.0,1752.0,,26287.0,13435.0,12851.0,5257.0,,,,,,,58415.0,58415.0,,
671,Jan 2017,Bari,Qandala,32309.0,10943.0,8859.0,521.0,,26577.0,11986.0,12507.0,1042.0,,,,,,,52111.0,52111.0,,
672,Jan 2017,Bari,Qardho,49641.0,26532.0,7703.0,1712.0,,47073.0,23109.0,10271.0,5135.0,,,,,,,85588.0,85588.0,,
674,Jan 2017,Bay,Baydhaba,176780.0,63136.0,75763.0,,,119958.0,72606.0,63136.0,59979.0,,,,,,,315679.0,315679.0,,
675,Jan 2017,Bay,Buur hakaba,112403.0,35496.0,49300.0,,,82823.0,45356.0,33524.0,35496.0,,,,,,,197198.0,197198.0,,
676,Jan 2017,Bay,Diinsoor,94463.0,31488.0,48981.0,,,62976.0,41984.0,34986.0,34986.0,,,,,,,174932.0,174932.0,,
677,Jan 2017,Bay,Qansax dheere,57405.0,18787.0,28181.0,,,36531.0,25050.0,20875.0,21918.0,,,,,,,104373.0,104373.0,,
679,Jan 2017,Galgaduud,Cabudwaaq,76469.0,18353.0,6118.0,,,62195.0,21411.0,18353.0,,,,,,,,101959.0,101959.0,,
680,Jan 2017,Galgaduud,Cadaado,99783.0,20734.0,9071.0,,,81640.0,24622.0,23326.0,,,,,,,,129588.0,129588.0,,
681,Jan 2017,Galgaduud,Ceel buur,62708.0,10033.0,10869.0,,,54347.0,10033.0,16722.0,1672.0,,,,,,,83610.0,83610.0,,
682,Jan 2017,Galgaduud,Ceel dheer,73613.0,18678.0,17579.0,,,65922.0,20875.0,18678.0,4395.0,,,,,,,109870.0,109870.0,,
683,Jan 2017,Galgaduud,Dhuusamarreeb,106861.0,24549.0,12997.0,,,85200.0,25993.0,33214.0,,,,,,,,144407.0,144407.0,,
685,Jan 2017,Gedo,Baardheere,127716.0,42572.0,7095.0,,,108204.0,39024.0,30155.0,,,,,,,,177384.0,177384.0,,
686,Jan 2017,Gedo,Belet xaawo,56519.0,25766.0,831.0,,,55688.0,15792.0,10805.0,,,,,,,,83116.0,83116.0,,
687,Jan 2017,Gedo,Ceel waaq,42633.0,17413.0,,,,42633.0,9607.0,7806.0,,,,,,,,60046.0,60046.0,,
688,Jan 2017,Gedo,Doolow,29284.0,11549.0,412.0,,,28459.0,7424.0,5362.0,,,,,,,,41245.0,41245.0,,
689,Jan 2017,Gedo,Garbahaarey,53097.0,23086.0,770.0,,,50788.0,16929.0,9234.0,,,,,,,,76952.0,76952.0,,
690,Jan 2017,Gedo,Luuq,50155.0,18808.0,697.0,,,48762.0,12539.0,7663.0,,,,,,,,69660.0,69660.0,,
692,Jan 2017,Hiraan,Belet weyne,148185.0,44691.0,42339.0,,,119959.0,28226.0,77621.0,9409.0,,,,,,,235214.0,235214.0,,
693,Jan 2017,Hiraan,Bulo burto,84353.0,27657.0,26274.0,,,76056.0,15211.0,38719.0,6914.0,,,,,,,138283.0,138283.0,,
694,Jan 2017,Hiraan,Jalalaqsi,91257.0,35325.0,20606.0,,,83898.0,17663.0,39741.0,4416.0,,,,,,,147189.0,147189.0,,
696,Jan 2017,Juba Dhexe,Bu'aale,76290.0,26157.0,6539.0,,,68661.0,20707.0,19617.0,,,,,,,,108986.0,108986.0,,
697,Jan 2017,Juba Dhexe,Jilib,113632.0,45453.0,13986.0,,,103143.0,36712.0,34964.0,,,,,,,,174819.0,174819.0,,
698,Jan 2017,Juba Dhexe,Saakow,56172.0,17406.0,5538.0,,,47470.0,15823.0,15032.0,,,,,,,,79116.0,79116.0,,
700,Jan 2017,Juba Hoose,Afmadow,120740.0,41396.0,10349.0,,,110390.0,39672.0,22423.0,,,,,,,,172485.0,172485.0,,
701,Jan 2017,Juba Hoose,Badhaadhe,38201.0,14606.0,3371.0,,,32583.0,13483.0,10112.0,,,,,,,,56178.0,56178.0,,
702,Jan 2017,Juba Hoose,Jamaame,61684.0,21540.0,14687.0,,,55809.0,14687.0,27415.0,,,,,,,,97911.0,97911.0,,
703,Jan 2017,Juba Hoose,Kismaayo,110658.0,50447.0,1627.0,,,107404.0,40683.0,14646.0,,,,,,,,162733.0,162733.0,,
705,Jan 2017,Mudug,Gaalkacyo,58288.0,46288.0,68574.0,,,13715.0,58288.0,97719.0,,,,,,,,171436.0,171436.0,,
706,Jan 2017,Mudug,Galdogob,53329.0,12735.0,12735.0,,,43777.0,8755.0,27062.0,,,,,,,,79595.0,79595.0,,
707,Jan 2017,Mudug,Hobyo,74894.0,16131.0,24197.0,,,56459.0,12674.0,43784.0,2304.0,,,,,,,115222.0,115222.0,,
708,Jan 2017,Mudug,Jariiban,53229.0,13921.0,14740.0,,,40945.0,9827.0,30299.0,,,,,,,,81890.0,81890.0,,
709,Jan 2017,Mudug,Xarardheere,36892.0,6755.0,8314.0,0.0,,36373.0,3637.0,10912.0,1039.0,,,,,,,51961.0,51961.0,,
711,Jan 2017,Nugaal,Burtinle,40927.0,18839.0,5197.0,,,32482.0,14941.0,18190.0,,,,,,,,64963.0,64963.0,,
712,Jan 2017,Nugaal,Eyl,46999.0,17017.0,15396.0,1621.0,,36465.0,16207.0,22689.0,5672.0,,,,,,,81033.0,81033.0,,
713,Jan 2017,Nugaal,Garoowe,152955.0,49340.0,39472.0,7401.0,,130752.0,51807.0,44406.0,19736.0,,,,,,,246702.0,246702.0,,
715,Jan 2017,Sanaag,Ceel afweyn,60970.0,16992.0,17991.0,2999.0,,46977.0,28986.0,14993.0,8996.0,,,,,,,99950.0,99950.0,,
716,Jan 2017,Sanaag,Ceerigaabo,133457.0,36957.0,30798.0,4106.0,,98553.0,65702.0,26691.0,12319.0,,,,,,,205318.0,205318.0,,
717,Jan 2017,Sanaag,Laasqoray,298030.0,36247.0,60411.0,12082.0,,261783.0,68466.0,40274.0,32219.0,,,,,,,402743.0,402743.0,,
719,Jan 2017,Shabelle Dhexe,Adan yabaal,26069.0,10201.0,1511.0,,,25313.0,7178.0,4912.0,,,,,,,,37781.0,37781.0,,
720,Jan 2017,Shabelle Dhexe,Balcad,154951.0,44575.0,12736.0,,,137970.0,38207.0,33962.0,,,,,,,,212261.0,212261.0,,
721,Jan 2017,Shabelle Dhexe,Cadale,61696.0,21724.0,3476.0,,,59958.0,16510.0,11296.0,,,,,,,,86896.0,86896.0,,
722,Jan 2017,Shabelle Dhexe,Jowhar,143278.0,30446.0,5373.0,,,127159.0,32237.0,19701.0,,,,,,,,179097.0,179097.0,,
724,Jan 2017,Shabelle Hoose,Afgooye,178991.0,57277.0,2387.0,,,159899.0,52504.0,26252.0,,,,,,,,238655.0,238655.0,,
725,Jan 2017,Shabelle Hoose,Baraawe,49628.0,12592.0,11852.0,,,41480.0,11111.0,17037.0,4444.0,,,,,,,74072.0,74072.0,,
726,Jan 2017,Shabelle Hoose,Kurtunwaarey,178374.0,60332.0,23608.0,,,144273.0,57709.0,57709.0,2623.0,,,,,,,262315.0,262315.0,,
727,Jan 2017,Shabelle Hoose,Marka,144760.0,41643.0,11898.0,,,124930.0,37677.0,33711.0,1983.0,,,,,,,198301.0,198301.0,,
728,Jan 2017,Shabelle Hoose,Qoryooley,213448.0,67251.0,14620.0,,,178360.0,67251.0,46783.0,,,,,,,,292394.0,292394.0,,
729,Jan 2017,Shabelle Hoose,Sablaale,17116.0,4924.0,1407.0,,,13834.0,5862.0,3517.0,0.0,,,,,,,23447.0,23447.0,,
730,Jan 2017,Shabelle Hoose,Wanla weyn,89298.0,23737.0,,,,80255.0,25998.0,6782.0,,,,,,,,113035.0,113035.0,,
732,Jan 2017,Sool,Caynabo,29540.0,14770.0,12407.0,2363.0,,24223.0,16542.0,10634.0,7680.0,,,,,,,59080.0,59080.0,,
733,Jan 2017,Sool,Laas caanood,86041.0,48496.0,18773.0,3129.0,,71961.0,42238.0,32852.0,7822.0,,,,,,,156438.0,156438.0,,
734,Jan 2017,Sool,Taleex,33823.0,13971.0,21323.0,4412.0,,26470.0,19853.0,13971.0,13235.0,,,,,,,73529.0,73529.0,,
735,Jan 2017,Sool,Xudun,17655.0,9211.0,9595.0,1919.0,,14201.0,11130.0,6908.0,6141.0,,,,,,,38380.0,38380.0,,
737,Jan 2017,Togdheer,Burco,294627.0,161124.0,9207.0,,,280816.0,119692.0,59846.0,,,,,,,,460354.0,460354.0,,
738,Jan 2017,Togdheer,Buuhoodle,48573.0,30149.0,5025.0,,,40199.0,22612.0,20937.0,,,,,,,,83747.0,83747.0,,
739,Jan 2017,Togdheer,Owdweyne,66896.0,23312.0,11149.0,,,48652.0,19258.0,34462.0,,,,,,,,101358.0,101358.0,,
740,Jan 2017,Togdheer,Sheikh,48579.0,26566.0,759.0,,,44783.0,22012.0,9108.0,,,,,,,,75904.0,75904.0,,
742,Jan 2017,Woqooyi Galbeed,Berbera,114405.0,44002.0,17601.0,,,100325.0,52802.0,19361.0,3520.0,,,,,,,176008.0,176008.0,,
743,Jan 2017,Woqooyi Galbeed,Gebiley,74840.0,32074.0,,,,69494.0,27798.0,9622.0,,,,,,,,106914.0,106914.0,,
744,Jan 2017,Woqooyi Galbeed,Hargeysa,661766.0,278133.0,19182.0,,,556267.0,345269.0,57545.0,,,,,,,,959081.0,959081.0,,
