Unnamed: 0,date,ADM1_EN,Total,adjusted_population,CS_1,CS_2,CS_3,CS_4,CS_5,ML1_1,ML1_2,ML1_3,ML1_4,ML1_5,ML2_1,ML2_2,ML2_3,ML2_4,ML2_5,pop_CS,pop_ML1,pop_ML2,period_ML1,period_ML2
0,2009-07-01,Addis Ababa,3780729,3106699,3106699.0,0.0,0.0,0.0,0.0,3106699.0,0.0,0.0,0.0,0.0,3106699.0,0.0,0.0,0.0,0.0,3106699.0,3106699.0,3106699.0,Jul - Sep 2009,Oct - Dec 2009
1,2009-07-01,Afar,2015347,1656048,0.0,821915.0,834133.0,0.0,0.0,0.0,821915.0,834133.0,0.0,0.0,0.0,1000301.0,655747.0,0.0,0.0,1656048.0,1656048.0,1656048.0,Jul - Sep 2009,Oct - Dec 2009
2,2009-07-01,Amhara,22808290,18742015,10806944.0,1970051.0,5965020.0,0.0,0.0,10806944.0,1970051.0,5965020.0,0.0,0.0,8648882.0,10093133.0,0.0,0.0,0.0,18742015.0,18742015.0,18742015.0,Jul - Sep 2009,Oct - Dec 2009
3,2009-07-01,Benishangul Gumz,1204954,990132,990132.0,0.0,0.0,0.0,0.0,990132.0,0.0,0.0,0.0,0.0,990132.0,0.0,0.0,0.0,0.0,990132.0,990132.0,990132.0,Jul - Sep 2009,Oct - Dec 2009
4,2009-07-01,Dire Dawa,523623,430270,0.0,430270.0,0.0,0.0,0.0,0.0,430270.0,0.0,0.0,0.0,0.0,430270.0,0.0,0.0,0.0,430270.0,430270.0,430270.0,Jul - Sep 2009,Oct - Dec 2009
5,2009-07-01,Gambela,498214,409390,69925.0,339465.0,0.0,0.0,0.0,69925.0,0.0,339465.0,0.0,0.0,69925.0,339465.0,0.0,0.0,0.0,409390.0,409390.0,409390.0,Jul - Sep 2009,Oct - Dec 2009
6,2009-07-01,Harari,275491,226376,0.0,226376.0,0.0,0.0,0.0,0.0,226376.0,0.0,0.0,0.0,0.0,226376.0,0.0,0.0,0.0,226376.0,226376.0,226376.0,Jul - Sep 2009,Oct - Dec 2009
7,2009-07-01,Oromia,39382119,32361050,13288817.0,3757524.0,15314709.0,0.0,0.0,13288817.0,3757524.0,15314709.0,0.0,0.0,11326824.0,18157807.0,2876419.0,0.0,0.0,32361050.0,32361050.0,32361050.0,Jul - Sep 2009,Oct - Dec 2009
8,2009-07-01,SNNP,16721876,13740684,2013183.0,1312578.0,10414923.0,0.0,0.0,2013183.0,1312578.0,10414923.0,0.0,0.0,2013183.0,9433243.0,2294258.0,0.0,0.0,13740684.0,13740684.0,13740684.0,Jul - Sep 2009,Oct - Dec 2009
9,2009-07-01,Sidama,4432226,3642047,0.0,0.0,3642047.0,0.0,0.0,0.0,0.0,3642047.0,0.0,0.0,0.0,3642047.0,0.0,0.0,0.0,3642047.0,3642047.0,3642047.0,Jul - Sep 2009,Oct - Dec 2009
10,2009-07-01,Somali,6397806,5257198,0.0,0.0,2963427.0,2293771.0,0.0,0.0,0.0,1984567.0,3272631.0,0.0,0.0,1598877.0,1364550.0,2293771.0,0.0,5257198.0,5257198.0,5257198.0,Jul - Sep 2009,Oct - Dec 2009
11,2009-07-01,Tigray,5685598,4671965,384474.0,1975709.0,2311782.0,0.0,0.0,384474.0,1975709.0,2311782.0,0.0,0.0,384474.0,4287491.0,0.0,0.0,0.0,4671965.0,4671965.0,4671965.0,Jul - Sep 2009,Oct - Dec 2009
12,2009-10-01,Addis Ababa,3780729,3106699,3106699.0,0.0,0.0,0.0,0.0,3106699.0,0.0,0.0,0.0,0.0,3106699.0,0.0,0.0,0.0,0.0,3106699.0,3106699.0,3106699.0,Oct - Dec 2009,Jan - Mar 2010
13,2009-10-01,Afar,2015347,1656048,0.0,821915.0,834133.0,0.0,0.0,0.0,1656048.0,0.0,0.0,0.0,0.0,0.0,1656048.0,0.0,0.0,1656048.0,1656048.0,1656048.0,Oct - Dec 2009,Jan - Mar 2010
14,2009-10-01,Amhara,22808290,18742015,10806944.0,1970051.0,5965020.0,0.0,0.0,8648882.0,10093133.0,0.0,0.0,0.0,8648882.0,10093133.0,0.0,0.0,0.0,18742015.0,18742015.0,18742015.0,Oct - Dec 2009,Jan - Mar 2010
15,2009-10-01,Benishangul Gumz,1204954,990132,990132.0,0.0,0.0,0.0,0.0,990132.0,0.0,0.0,0.0,0.0,990132.0,0.0,0.0,0.0,0.0,990132.0,990132.0,990132.0,Oct - Dec 2009,Jan - Mar 2010
16,2009-10-01,Dire Dawa,523623,430270,0.0,430270.0,0.0,0.0,0.0,0.0,430270.0,0.0,0.0,0.0,0.0,430270.0,0.0,0.0,0.0,430270.0,430270.0,430270.0,Oct - Dec 2009,Jan - Mar 2010
17,2009-10-01,Gambela,498214,409390,69925.0,0.0,339465.0,0.0,0.0,69925.0,0.0,339465.0,0.0,0.0,69925.0,0.0,339465.0,0.0,0.0,409390.0,409390.0,409390.0,Oct - Dec 2009,Jan - Mar 2010
18,2009-10-01,Harari,275491,226376,0.0,226376.0,0.0,0.0,0.0,0.0,226376.0,0.0,0.0,0.0,0.0,226376.0,0.0,0.0,0.0,226376.0,226376.0,226376.0,Oct - Dec 2009,Jan - Mar 2010
19,2009-10-01,Oromia,39382119,32361050,13288817.0,3757524.0,15314709.0,0.0,0.0,11326824.0,17693729.0,3340497.0,0.0,0.0,11326824.0,17693729.0,3340497.0,0.0,0.0,32361050.0,32361050.0,32361050.0,Oct - Dec 2009,Jan - Mar 2010
20,2009-10-01,SNNP,16721876,13740684,2013183.0,1312578.0,10414923.0,0.0,0.0,2013183.0,11070287.0,657214.0,0.0,0.0,2013183.0,11070287.0,657214.0,0.0,0.0,13740684.0,13740684.0,13740684.0,Oct - Dec 2009,Jan - Mar 2010
21,2009-10-01,Sidama,4432226,3642047,0.0,0.0,3642047.0,0.0,0.0,0.0,3642047.0,0.0,0.0,0.0,0.0,3642047.0,0.0,0.0,0.0,3642047.0,3642047.0,3642047.0,Oct - Dec 2009,Jan - Mar 2010
22,2009-10-01,Somali,6397806,5257198,0.0,0.0,1984567.0,3272631.0,0.0,0.0,1598877.0,3658321.0,0.0,0.0,0.0,0.0,5257198.0,0.0,0.0,5257198.0,5257198.0,5257198.0,Oct - Dec 2009,Jan - Mar 2010
23,2009-10-01,Tigray,5685598,4671965,384474.0,1975709.0,2311782.0,0.0,0.0,384474.0,4287491.0,0.0,0.0,0.0,384474.0,4287491.0,0.0,0.0,0.0,4671965.0,4671965.0,4671965.0,Oct - Dec 2009,Jan - Mar 2010
24,2010-01-01,Addis Ababa,3780729,3194397,3194397.0,0.0,0.0,0.0,0.0,3194397.0,0.0,0.0,0.0,0.0,3194397.0,0.0,0.0,0.0,0.0,3194397.0,3194397.0,3194397.0,Jan - Mar 2010,Apr - Jun 2010
25,2010-01-01,Afar,2015347,1702796,0.0,444418.0,1258378.0,0.0,0.0,0.0,0.0,1118676.0,584120.0,0.0,0.0,0.0,1441799.0,260997.0,0.0,1702796.0,1702796.0,1702796.0,Jan - Mar 2010,Apr - Jun 2010
26,2010-01-01,Amhara,22808290,19271079,8893029.0,9926969.0,451081.0,0.0,0.0,8893029.0,8395410.0,1531559.0,451081.0,0.0,8893029.0,2999602.0,5395808.0,1982640.0,0.0,19271079.0,19271079.0,19271079.0,Jan - Mar 2010,Apr - Jun 2010
27,2010-01-01,Benishangul Gumz,1204954,1018082,1018082.0,0.0,0.0,0.0,0.0,445079.0,573003.0,0.0,0.0,0.0,445079.0,573003.0,0.0,0.0,0.0,1018082.0,1018082.0,1018082.0,Jan - Mar 2010,Apr - Jun 2010
28,2010-01-01,Dire Dawa,523623,442416,0.0,442416.0,0.0,0.0,0.0,0.0,0.0,442416.0,0.0,0.0,0.0,0.0,442416.0,0.0,0.0,442416.0,442416.0,442416.0,Jan - Mar 2010,Apr - Jun 2010
29,2010-01-01,Gambela,498214,420947,71899.0,0.0,349048.0,0.0,0.0,71899.0,0.0,0.0,349048.0,0.0,71899.0,0.0,0.0,349048.0,0.0,420947.0,420947.0,420947.0,Jan - Mar 2010,Apr - Jun 2010
30,2010-01-01,Harari,275491,232766,0.0,232766.0,0.0,0.0,0.0,0.0,0.0,232766.0,0.0,0.0,0.0,0.0,232766.0,0.0,0.0,232766.0,232766.0,232766.0,Jan - Mar 2010,Apr - Jun 2010
31,2010-01-01,Oromia,39382119,33274563,11646566.0,18193202.0,3434795.0,0.0,0.0,14178498.0,7709937.0,11386128.0,0.0,0.0,16195876.0,5692559.0,5873182.0,5512946.0,0.0,33274563.0,33274563.0,33274563.0,Jan - Mar 2010,Apr - Jun 2010
32,2010-01-01,SNNP,16721876,14128565,2070011.0,10719061.0,1339493.0,0.0,0.0,2070011.0,10070158.0,1988396.0,0.0,0.0,2070011.0,5821153.0,5266198.0,971203.0,0.0,14128565.0,14128565.0,14128565.0,Jan - Mar 2010,Apr - Jun 2010
33,2010-01-01,Sidama,4432226,3744857,0.0,3744857.0,0.0,0.0,0.0,0.0,3744857.0,0.0,0.0,0.0,0.0,0.0,3744857.0,0.0,0.0,3744857.0,3744857.0,3744857.0,Jan - Mar 2010,Apr - Jun 2010
34,2010-01-01,Somali,6397806,5405603,0.0,1644011.0,3761592.0,0.0,0.0,0.0,0.0,4031705.0,1373898.0,0.0,0.0,0.0,4846723.0,558880.0,0.0,5405603.0,5405603.0,5405603.0,Jan - Mar 2010,Apr - Jun 2010
35,2010-01-01,Tigray,5685598,4803848,395327.0,3738388.0,670133.0,0.0,0.0,395327.0,2031481.0,1706907.0,670133.0,0.0,395327.0,780147.0,2136994.0,1491380.0,0.0,4803848.0,4803848.0,4803848.0,Jan - Mar 2010,Apr - Jun 2010
36,2010-04-01,Addis Ababa,3780729,3194397,3194397.0,0.0,0.0,0.0,0.0,3194397.0,0.0,0.0,0.0,0.0,3194397.0,0.0,0.0,0.0,0.0,3194397.0,3194397.0,3194397.0,Apr - Jun 2010,Jul - Sep 2010
37,2010-04-01,Afar,2015347,1702796,0.0,1028538.0,674258.0,0.0,0.0,0.0,1028538.0,674258.0,0.0,0.0,0.0,1028538.0,674258.0,0.0,0.0,1702796.0,1702796.0,1702796.0,Apr - Jun 2010,Jul - Sep 2010
38,2010-04-01,Amhara,22808290,19271079,11112011.0,3646614.0,4061373.0,451081.0,0.0,11112011.0,3646614.0,4061373.0,451081.0,0.0,8893029.0,2035710.0,7891259.0,451081.0,0.0,19271079.0,19271079.0,19271079.0,Apr - Jun 2010,Jul - Sep 2010
39,2010-04-01,Benishangul Gumz,1204954,1018082,585267.0,432815.0,0.0,0.0,0.0,585267.0,432815.0,0.0,0.0,0.0,585267.0,0.0,432815.0,0.0,0.0,1018082.0,1018082.0,1018082.0,Apr - Jun 2010,Jul - Sep 2010
40,2010-04-01,Dire Dawa,523623,442416,0.0,442416.0,0.0,0.0,0.0,0.0,442416.0,0.0,0.0,0.0,0.0,442416.0,0.0,0.0,0.0,442416.0,442416.0,442416.0,Apr - Jun 2010,Jul - Sep 2010
41,2010-04-01,Gambela,498214,420947,71899.0,0.0,349048.0,0.0,0.0,71899.0,0.0,349048.0,0.0,0.0,71899.0,349048.0,0.0,0.0,0.0,420947.0,420947.0,420947.0,Apr - Jun 2010,Jul - Sep 2010
42,2010-04-01,Harari,275491,232766,0.0,0.0,232766.0,0.0,0.0,0.0,0.0,232766.0,0.0,0.0,0.0,0.0,232766.0,0.0,0.0,232766.0,232766.0,232766.0,Apr - Jun 2010,Jul - Sep 2010
43,2010-04-01,Oromia,39382119,33274563,19746234.0,5998005.0,7530324.0,0.0,0.0,19746234.0,5998005.0,7530324.0,0.0,0.0,19746234.0,2134410.0,11393919.0,0.0,0.0,33274563.0,33274563.0,33274563.0,Apr - Jun 2010,Jul - Sep 2010
44,2010-04-01,SNNP,16721876,14128565,2070011.0,11087351.0,971203.0,0.0,0.0,2070011.0,11087351.0,971203.0,0.0,0.0,2070011.0,10745925.0,1312629.0,0.0,0.0,14128565.0,14128565.0,14128565.0,Apr - Jun 2010,Jul - Sep 2010
45,2010-04-01,Sidama,4432226,3744857,0.0,3744857.0,0.0,0.0,0.0,0.0,3744857.0,0.0,0.0,0.0,0.0,3744857.0,0.0,0.0,0.0,3744857.0,3744857.0,3744857.0,Apr - Jun 2010,Jul - Sep 2010
46,2010-04-01,Somali,6397806,5405603,0.0,3611228.0,1794375.0,0.0,0.0,0.0,3611228.0,1794375.0,0.0,0.0,0.0,3611228.0,1794375.0,0.0,0.0,5405603.0,5405603.0,5405603.0,Apr - Jun 2010,Jul - Sep 2010
47,2010-04-01,Tigray,5685598,4803848,395327.0,780147.0,3628374.0,0.0,0.0,395327.0,780147.0,3628374.0,0.0,0.0,395327.0,1450280.0,2958241.0,0.0,0.0,4803848.0,4803848.0,4803848.0,Apr - Jun 2010,Jul - Sep 2010
48,2010-07-01,Addis Ababa,3780729,3194397,0.0,0.0,3194397.0,0.0,0.0,0.0,0.0,3194397.0,0.0,0.0,0.0,3194397.0,0.0,0.0,0.0,3194397.0,3194397.0,3194397.0,Jul - Sep 2010,Oct - Dec 2010
49,2010-07-01,Afar,2015347,1702796,0.0,1028538.0,674258.0,0.0,0.0,0.0,1028538.0,674258.0,0.0,0.0,0.0,1702796.0,0.0,0.0,0.0,1702796.0,1702796.0,1702796.0,Jul - Sep 2010,Oct - Dec 2010
50,2010-07-01,Amhara,22808290,19271079,8893029.0,3370145.0,7007905.0,0.0,0.0,8893029.0,3370145.0,7007905.0,0.0,0.0,8893029.0,8846491.0,1531559.0,0.0,0.0,19271079.0,19271079.0,19271079.0,Jul - Sep 2010,Oct - Dec 2010
51,2010-07-01,Benishangul Gumz,1204954,1018082,648788.0,369294.0,0.0,0.0,0.0,648788.0,369294.0,0.0,0.0,0.0,648788.0,369294.0,0.0,0.0,0.0,1018082.0,1018082.0,1018082.0,Jul - Sep 2010,Oct - Dec 2010
52,2010-07-01,Dire Dawa,523623,442416,0.0,0.0,163587.0,0.0,0.0,0.0,0.0,163587.0,0.0,0.0,0.0,163587.0,0.0,0.0,0.0,163587.0,163587.0,163587.0,Jul - Sep 2010,Oct - Dec 2010
53,2010-07-01,Gambela,498214,420947,0.0,0.0,420947.0,0.0,0.0,0.0,0.0,420947.0,0.0,0.0,0.0,202703.0,218244.0,0.0,0.0,420947.0,420947.0,420947.0,Jul - Sep 2010,Oct - Dec 2010
54,2010-07-01,Harari,275491,232766,232766.0,0.0,0.0,0.0,0.0,232766.0,0.0,0.0,0.0,0.0,232766.0,0.0,0.0,0.0,0.0,232766.0,232766.0,232766.0,Jul - Sep 2010,Oct - Dec 2010
55,2010-07-01,Oromia,39382119,33274563,15478883.0,10265356.0,7530324.0,0.0,0.0,15478883.0,10265356.0,7530324.0,0.0,0.0,16147137.0,14993016.0,2134410.0,0.0,0.0,33274563.0,33274563.0,33274563.0,Jul - Sep 2010,Oct - Dec 2010
56,2010-07-01,SNNP,16721876,14128565,2298813.0,8555976.0,3273776.0,0.0,0.0,2298813.0,8555976.0,3273776.0,0.0,0.0,2298813.0,11829752.0,0.0,0.0,0.0,14128565.0,14128565.0,14128565.0,Jul - Sep 2010,Oct - Dec 2010
57,2010-07-01,Sidama,4432226,3744857,0.0,3744857.0,0.0,0.0,0.0,0.0,3744857.0,0.0,0.0,0.0,0.0,3744857.0,0.0,0.0,0.0,3744857.0,3744857.0,3744857.0,Jul - Sep 2010,Oct - Dec 2010
58,2010-07-01,Somali,6397806,5405603,0.0,5172321.0,233282.0,0.0,0.0,0.0,5172321.0,233282.0,0.0,0.0,0.0,1644011.0,3761592.0,0.0,0.0,5405603.0,5405603.0,5405603.0,Jul - Sep 2010,Oct - Dec 2010
59,2010-07-01,Tigray,5685598,4803848,395327.0,780147.0,3628374.0,0.0,0.0,395327.0,780147.0,3628374.0,0.0,0.0,395327.0,3738388.0,670133.0,0.0,0.0,4803848.0,4803848.0,4803848.0,Jul - Sep 2010,Oct - Dec 2010
60,2010-10-01,Addis Ababa,3780729,3194397,0.0,0.0,3194397.0,0.0,0.0,3194397.0,0.0,0.0,0.0,0.0,3194397.0,0.0,0.0,0.0,0.0,3194397.0,3194397.0,3194397.0,Oct - Dec 2010,Jan - Mar 2011
61,2010-10-01,Afar,2015347,1702796,0.0,1028538.0,674258.0,0.0,0.0,0.0,1702796.0,0.0,0.0,0.0,0.0,1268521.0,434275.0,0.0,0.0,1702796.0,1702796.0,1702796.0,Oct - Dec 2010,Jan - Mar 2011
62,2010-10-01,Amhara,22808290,19271079,8893029.0,3370145.0,7007905.0,0.0,0.0,8893029.0,8846491.0,1531559.0,0.0,0.0,8893029.0,8846491.0,1531559.0,0.0,0.0,19271079.0,19271079.0,19271079.0,Oct - Dec 2010,Jan - Mar 2011
63,2010-10-01,Benishangul Gumz,1204954,1018082,648788.0,369294.0,0.0,0.0,0.0,1018082.0,0.0,0.0,0.0,0.0,1018082.0,0.0,0.0,0.0,0.0,1018082.0,1018082.0,1018082.0,Oct - Dec 2010,Jan - Mar 2011
64,2010-10-01,Dire Dawa,523623,442416,0.0,0.0,163587.0,0.0,0.0,0.0,442416.0,0.0,0.0,0.0,0.0,442416.0,0.0,0.0,0.0,163587.0,442416.0,442416.0,Oct - Dec 2010,Jan - Mar 2011
65,2010-10-01,Gambela,498214,420947,0.0,0.0,420947.0,0.0,0.0,274602.0,146345.0,0.0,0.0,0.0,274602.0,0.0,146345.0,0.0,0.0,420947.0,420947.0,420947.0,Oct - Dec 2010,Jan - Mar 2011
66,2010-10-01,Harari,275491,232766,232766.0,0.0,0.0,0.0,0.0,0.0,232766.0,0.0,0.0,0.0,0.0,232766.0,0.0,0.0,0.0,232766.0,232766.0,232766.0,Oct - Dec 2010,Jan - Mar 2011
67,2010-10-01,Oromia,39382119,33274563,15478883.0,10265356.0,7530324.0,0.0,0.0,17378684.0,13650241.0,2245638.0,0.0,0.0,17378684.0,13650241.0,2245638.0,0.0,0.0,33274563.0,33274563.0,33274563.0,Oct - Dec 2010,Jan - Mar 2011
68,2010-10-01,SNNP,16721876,14128565,2298813.0,8555976.0,3273776.0,0.0,0.0,2233500.0,11895065.0,0.0,0.0,0.0,2233500.0,7777002.0,4118063.0,0.0,0.0,14128565.0,14128565.0,14128565.0,Oct - Dec 2010,Jan - Mar 2011
69,2010-10-01,Sidama,4432226,3744857,0.0,3744857.0,0.0,0.0,0.0,0.0,3744857.0,0.0,0.0,0.0,0.0,0.0,3744857.0,0.0,0.0,3744857.0,3744857.0,3744857.0,Oct - Dec 2010,Jan - Mar 2011
70,2010-10-01,Somali,6397806,5405603,0.0,5172321.0,233282.0,0.0,0.0,0.0,3604708.0,1800895.0,0.0,0.0,0.0,3604708.0,1800895.0,0.0,0.0,5405603.0,5405603.0,5405603.0,Oct - Dec 2010,Jan - Mar 2011
71,2010-10-01,Tigray,5685598,4803848,395327.0,780147.0,3628374.0,0.0,0.0,395327.0,4408521.0,0.0,0.0,0.0,395327.0,4408521.0,0.0,0.0,0.0,4803848.0,4803848.0,4803848.0,Oct - Dec 2010,Jan - Mar 2011
72,2011-01-01,Addis Ababa,3780729,3285518,3285518.0,0.0,0.0,0.0,0.0,3285518.0,0.0,0.0,0.0,0.0,3285518.0,0.0,0.0,0.0,0.0,3285518.0,3285518.0,3285518.0,Jan - Mar 2011,Apr - Jun 2011
73,2011-01-01,Afar,2015347,1751369,0.0,703924.0,1047445.0,0.0,0.0,0.0,703924.0,1047445.0,0.0,0.0,0.0,457096.0,1294273.0,0.0,0.0,1751369.0,1751369.0,1751369.0,Jan - Mar 2011,Apr - Jun 2011
74,2011-01-01,Amhara,22808290,19820794,9146707.0,10674087.0,0.0,0.0,0.0,9146707.0,10674087.0,0.0,0.0,0.0,9146707.0,10674087.0,0.0,0.0,0.0,19820794.0,19820794.0,19820794.0,Jan - Mar 2011,Apr - Jun 2011
75,2011-01-01,Benishangul Gumz,1204954,1047124,981791.0,65333.0,0.0,0.0,0.0,981791.0,65333.0,0.0,0.0,0.0,667295.0,379829.0,0.0,0.0,0.0,1047124.0,1047124.0,1047124.0,Jan - Mar 2011,Apr - Jun 2011
76,2011-01-01,Dire Dawa,523623,455036,0.0,455036.0,0.0,0.0,0.0,0.0,455036.0,0.0,0.0,0.0,0.0,455036.0,0.0,0.0,0.0,455036.0,455036.0,455036.0,Jan - Mar 2011,Apr - Jun 2011
77,2011-01-01,Gambela,498214,432954,0.0,282435.0,150519.0,0.0,0.0,0.0,282435.0,150519.0,0.0,0.0,0.0,282435.0,150519.0,0.0,0.0,432954.0,432954.0,432954.0,Jan - Mar 2011,Apr - Jun 2011
78,2011-01-01,Harari,275491,239406,0.0,239406.0,0.0,0.0,0.0,0.0,239406.0,0.0,0.0,0.0,0.0,239406.0,0.0,0.0,0.0,239406.0,239406.0,239406.0,Jan - Mar 2011,Apr - Jun 2011
79,2011-01-01,Oromia,39382119,34223733,14486732.0,10534023.0,9202978.0,0.0,0.0,14486732.0,10534023.0,9202978.0,0.0,0.0,14486732.0,10534023.0,9202978.0,0.0,0.0,34223733.0,34223733.0,34223733.0,Jan - Mar 2011,Apr - Jun 2011
80,2011-01-01,SNNP,16721876,14531590,2297213.0,11551718.0,682659.0,0.0,0.0,2297213.0,11551718.0,682659.0,0.0,0.0,2297213.0,10856675.0,1377702.0,0.0,0.0,14531590.0,14531590.0,14531590.0,Jan - Mar 2011,Apr - Jun 2011
81,2011-01-01,Sidama,4432226,3851681,0.0,3851681.0,0.0,0.0,0.0,0.0,3851681.0,0.0,0.0,0.0,0.0,3851681.0,0.0,0.0,0.0,3851681.0,3851681.0,3851681.0,Jan - Mar 2011,Apr - Jun 2011
82,2011-01-01,Somali,6397806,5559799,0.0,1690907.0,3868892.0,0.0,0.0,0.0,1690907.0,3868892.0,0.0,0.0,0.0,1116085.0,2017914.0,2425800.0,0.0,5559799.0,5559799.0,5559799.0,Jan - Mar 2011,Apr - Jun 2011
83,2011-01-01,Tigray,5685598,4940880,406604.0,4534276.0,0.0,0.0,0.0,406604.0,4534276.0,0.0,0.0,0.0,406604.0,4534276.0,0.0,0.0,0.0,4940880.0,4940880.0,4940880.0,Jan - Mar 2011,Apr - Jun 2011
84,2011-04-01,Addis Ababa,3780729,3285518,3285518.0,0.0,0.0,0.0,0.0,3285518.0,0.0,0.0,0.0,0.0,3285518.0,0.0,0.0,0.0,0.0,3285518.0,3285518.0,3285518.0,Apr - Jun 2011,Jul - Sep 2011
85,2011-04-01,Afar,2015347,1751369,0.0,0.0,1751369.0,0.0,0.0,0.0,0.0,1751369.0,0.0,0.0,0.0,0.0,1751369.0,0.0,0.0,1751369.0,1751369.0,1751369.0,Apr - Jun 2011,Jul - Sep 2011
86,2011-04-01,Amhara,22808290,19820794,9146707.0,10210139.0,463948.0,0.0,0.0,9146707.0,10210139.0,463948.0,0.0,0.0,9146707.0,10210139.0,463948.0,0.0,0.0,19820794.0,19820794.0,19820794.0,Apr - Jun 2011,Jul - Sep 2011
87,2011-04-01,Benishangul Gumz,1204954,1047124,601962.0,445162.0,0.0,0.0,0.0,601962.0,445162.0,0.0,0.0,0.0,601962.0,445162.0,0.0,0.0,0.0,1047124.0,1047124.0,1047124.0,Apr - Jun 2011,Jul - Sep 2011
88,2011-04-01,Dire Dawa,523623,455036,0.0,455036.0,0.0,0.0,0.0,0.0,455036.0,0.0,0.0,0.0,0.0,455036.0,0.0,0.0,0.0,455036.0,455036.0,455036.0,Apr - Jun 2011,Jul - Sep 2011
89,2011-04-01,Gambela,498214,432954,0.0,282435.0,150519.0,0.0,0.0,0.0,282435.0,150519.0,0.0,0.0,282435.0,0.0,150519.0,0.0,0.0,432954.0,432954.0,432954.0,Apr - Jun 2011,Jul - Sep 2011
90,2011-04-01,Harari,275491,239406,0.0,0.0,239406.0,0.0,0.0,0.0,0.0,239406.0,0.0,0.0,0.0,0.0,239406.0,0.0,0.0,239406.0,239406.0,239406.0,Apr - Jun 2011,Jul - Sep 2011
91,2011-04-01,Oromia,39382119,34223733,11978789.0,15351661.0,6893283.0,0.0,0.0,11978789.0,15351661.0,6893283.0,0.0,0.0,11978789.0,7146336.0,15098608.0,0.0,0.0,34223733.0,34223733.0,34223733.0,Apr - Jun 2011,Jul - Sep 2011
92,2011-04-01,SNNP,16721876,14531590,2366989.0,3485665.0,8678936.0,0.0,0.0,2366989.0,3485665.0,8678936.0,0.0,0.0,2366989.0,2598521.0,9566080.0,0.0,0.0,14531590.0,14531590.0,14531590.0,Apr - Jun 2011,Jul - Sep 2011
93,2011-04-01,Sidama,4432226,3851681,0.0,3851681.0,0.0,0.0,0.0,0.0,3851681.0,0.0,0.0,0.0,0.0,0.0,3851681.0,0.0,0.0,3851681.0,3851681.0,3851681.0,Apr - Jun 2011,Jul - Sep 2011
94,2011-04-01,Somali,6397806,5559799,0.0,0.0,3133999.0,2425800.0,0.0,0.0,0.0,3133999.0,2425800.0,0.0,0.0,0.0,3133999.0,2425800.0,0.0,5559799.0,5559799.0,5559799.0,Apr - Jun 2011,Jul - Sep 2011
95,2011-04-01,Tigray,5685598,4940880,406604.0,4534276.0,0.0,0.0,0.0,406604.0,4534276.0,0.0,0.0,0.0,406604.0,2934105.0,1600171.0,0.0,0.0,4940880.0,4940880.0,4940880.0,Apr - Jun 2011,Jul - Sep 2011
96,2011-07-01,Addis Ababa,3780729,3285518,3285518.0,0.0,0.0,0.0,0.0,3285518.0,0.0,0.0,0.0,0.0,3285518.0,0.0,0.0,0.0,0.0,3285518.0,3285518.0,3285518.0,Jul - Sep 2011,Oct - Dec 2011
97,2011-07-01,Afar,2015347,1751369,0.0,0.0,1751369.0,0.0,0.0,0.0,0.0,1751369.0,0.0,0.0,0.0,1751369.0,0.0,0.0,0.0,1751369.0,1751369.0,1751369.0,Jul - Sep 2011,Oct - Dec 2011
98,2011-07-01,Amhara,22808290,19820794,9146707.0,10210139.0,463948.0,0.0,0.0,9146707.0,10210139.0,463948.0,0.0,0.0,9146707.0,10674087.0,0.0,0.0,0.0,19820794.0,19820794.0,19820794.0,Jul - Sep 2011,Oct - Dec 2011
99,2011-07-01,Benishangul Gumz,1204954,1047124,601962.0,445162.0,0.0,0.0,0.0,601962.0,445162.0,0.0,0.0,0.0,601962.0,445162.0,0.0,0.0,0.0,1047124.0,1047124.0,1047124.0,Jul - Sep 2011,Oct - Dec 2011
100,2011-07-01,Dire Dawa,523623,455036,0.0,455036.0,0.0,0.0,0.0,0.0,455036.0,0.0,0.0,0.0,0.0,455036.0,0.0,0.0,0.0,455036.0,455036.0,455036.0,Jul - Sep 2011,Oct - Dec 2011
101,2011-07-01,Gambela,498214,432954,0.0,282435.0,150519.0,0.0,0.0,0.0,282435.0,150519.0,0.0,0.0,73950.0,208485.0,150519.0,0.0,0.0,432954.0,432954.0,432954.0,Jul - Sep 2011,Oct - Dec 2011
102,2011-07-01,Harari,275491,239406,0.0,0.0,239406.0,0.0,0.0,0.0,0.0,239406.0,0.0,0.0,0.0,239406.0,0.0,0.0,0.0,239406.0,239406.0,239406.0,Jul - Sep 2011,Oct - Dec 2011
103,2011-07-01,Oromia,39382119,34223733,11978789.0,6048729.0,14000920.0,2195295.0,0.0,11978789.0,6048729.0,14000920.0,2195295.0,0.0,11978789.0,19935038.0,2309906.0,0.0,0.0,34223733.0,34223733.0,34223733.0,Jul - Sep 2011,Oct - Dec 2011
104,2011-07-01,SNNP,16721876,14531590,2366989.0,3181801.0,8982800.0,0.0,0.0,2366989.0,3181801.0,8982800.0,0.0,0.0,2366989.0,10786899.0,1377702.0,0.0,0.0,14531590.0,14531590.0,14531590.0,Jul - Sep 2011,Oct - Dec 2011
105,2011-07-01,Sidama,4432226,3851681,0.0,0.0,3851681.0,0.0,0.0,0.0,0.0,3851681.0,0.0,0.0,0.0,3851681.0,0.0,0.0,0.0,3851681.0,3851681.0,3851681.0,Jul - Sep 2011,Oct - Dec 2011
106,2011-07-01,Somali,6397806,5559799,0.0,0.0,3299643.0,2260156.0,0.0,0.0,0.0,3299643.0,2260156.0,0.0,0.0,1690907.0,3868892.0,0.0,0.0,5559799.0,5559799.0,5559799.0,Jul - Sep 2011,Oct - Dec 2011
107,2011-07-01,Tigray,5685598,4940880,406604.0,3845028.0,689248.0,0.0,0.0,406604.0,3845028.0,689248.0,0.0,0.0,406604.0,4534276.0,0.0,0.0,0.0,4940880.0,4940880.0,4940880.0,Jul - Sep 2011,Oct - Dec 2011
108,2011-10-01,Addis Ababa,3780729,3285518,3285518.0,0.0,0.0,0.0,0.0,3285518.0,0.0,0.0,0.0,0.0,3285518.0,0.0,0.0,0.0,0.0,3285518.0,3285518.0,3285518.0,Oct - Dec 2011,Jan - Mar 2012
109,2011-10-01,Afar,2015347,1751369,0.0,1304706.0,446663.0,0.0,0.0,0.0,1304706.0,446663.0,0.0,0.0,0.0,1304706.0,446663.0,0.0,0.0,1751369.0,1751369.0,1751369.0,Oct - Dec 2011,Jan - Mar 2012
110,2011-10-01,Amhara,22808290,19820794,11230153.0,8590641.0,0.0,0.0,0.0,11230153.0,8590641.0,0.0,0.0,0.0,11230153.0,6551446.0,2039195.0,0.0,0.0,19820794.0,19820794.0,19820794.0,Oct - Dec 2011,Jan - Mar 2012
111,2011-10-01,Benishangul Gumz,1204954,1047124,1047124.0,0.0,0.0,0.0,0.0,1047124.0,0.0,0.0,0.0,0.0,1047124.0,0.0,0.0,0.0,0.0,1047124.0,1047124.0,1047124.0,Oct - Dec 2011,Jan - Mar 2012
112,2011-10-01,Dire Dawa,523623,455036,0.0,168253.0,0.0,0.0,0.0,0.0,168253.0,0.0,0.0,0.0,0.0,168253.0,0.0,0.0,0.0,168253.0,168253.0,168253.0,Oct - Dec 2011,Jan - Mar 2012
113,2011-10-01,Gambela,498214,432954,282435.0,150519.0,0.0,0.0,0.0,282435.0,150519.0,0.0,0.0,0.0,282435.0,0.0,150519.0,0.0,0.0,432954.0,432954.0,432954.0,Oct - Dec 2011,Jan - Mar 2012
114,2011-10-01,Harari,275491,239406,0.0,239406.0,0.0,0.0,0.0,0.0,239406.0,0.0,0.0,0.0,0.0,239406.0,0.0,0.0,0.0,239406.0,239406.0,239406.0,Oct - Dec 2011,Jan - Mar 2012
115,2011-10-01,Oromia,39382119,34223733,25146016.0,5670204.0,1588397.0,1819116.0,0.0,23923148.0,5670204.0,4630381.0,0.0,0.0,23923148.0,5670204.0,2320475.0,2309906.0,0.0,34223733.0,34223733.0,34223733.0,Oct - Dec 2011,Jan - Mar 2012
116,2011-10-01,SNNP,16721876,14531590,4338833.0,8815055.0,1377702.0,0.0,0.0,4432805.0,8721083.0,1377702.0,0.0,0.0,4432805.0,2468461.0,6947665.0,682659.0,0.0,14531590.0,14531590.0,14531590.0,Oct - Dec 2011,Jan - Mar 2012
117,2011-10-01,Sidama,4432226,3851681,0.0,3851681.0,0.0,0.0,0.0,0.0,3851681.0,0.0,0.0,0.0,0.0,3851681.0,0.0,0.0,0.0,3851681.0,3851681.0,3851681.0,Oct - Dec 2011,Jan - Mar 2012
118,2011-10-01,Somali,6397806,5559799,0.0,1690907.0,1608736.0,2260156.0,0.0,0.0,1690907.0,3868892.0,0.0,0.0,0.0,1690907.0,1608736.0,2260156.0,0.0,5559799.0,5559799.0,5559799.0,Oct - Dec 2011,Jan - Mar 2012
119,2011-10-01,Tigray,5685598,4940880,406604.0,4534276.0,0.0,0.0,0.0,406604.0,4534276.0,0.0,0.0,0.0,406604.0,3845028.0,689248.0,0.0,0.0,4940880.0,4940880.0,4940880.0,Oct - Dec 2011,Jan - Mar 2012
120,2012-01-01,Addis Ababa,3780729,3379814,3379814.0,0.0,0.0,0.0,0.0,3379814.0,0.0,0.0,0.0,0.0,3379814.0,0.0,0.0,0.0,0.0,3379814.0,3379814.0,3379814.0,Jan - Mar 2012,Apr - Jun 2012
121,2012-01-01,Afar,2015347,1801633,0.0,1342151.0,459482.0,0.0,0.0,0.0,1342151.0,459482.0,0.0,0.0,0.0,1342151.0,459482.0,0.0,0.0,1801633.0,1801633.0,1801633.0,Jan - Mar 2012,Apr - Jun 2012
122,2012-01-01,Amhara,22808290,20389654,11552460.0,6739474.0,2097720.0,0.0,0.0,11552460.0,6739474.0,2097720.0,0.0,0.0,11552460.0,6739474.0,2097720.0,0.0,0.0,20389654.0,20389654.0,20389654.0,Jan - Mar 2012,Apr - Jun 2012
123,2012-01-01,Benishangul Gumz,1204954,1077177,1077177.0,0.0,0.0,0.0,0.0,1077177.0,0.0,0.0,0.0,0.0,1077177.0,0.0,0.0,0.0,0.0,1077177.0,1077177.0,1077177.0,Jan - Mar 2012,Apr - Jun 2012
124,2012-01-01,Dire Dawa,523623,468096,0.0,173082.0,0.0,0.0,0.0,0.0,173082.0,0.0,0.0,0.0,0.0,173082.0,0.0,0.0,0.0,173082.0,173082.0,173082.0,Jan - Mar 2012,Apr - Jun 2012
125,2012-01-01,Gambela,498214,445380,290541.0,154839.0,0.0,0.0,0.0,290541.0,154839.0,0.0,0.0,0.0,290541.0,154839.0,0.0,0.0,0.0,445380.0,445380.0,445380.0,Jan - Mar 2012,Apr - Jun 2012
126,2012-01-01,Harari,275491,246277,0.0,246277.0,0.0,0.0,0.0,0.0,246277.0,0.0,0.0,0.0,0.0,0.0,246277.0,0.0,0.0,246277.0,246277.0,246277.0,Jan - Mar 2012,Apr - Jun 2012
127,2012-01-01,Oromia,39382119,35205963,24609748.0,5832941.0,3387409.0,1375865.0,0.0,24609748.0,5832941.0,3387409.0,1375865.0,0.0,24609748.0,5832941.0,2387073.0,2376201.0,0.0,35205963.0,35205963.0,35205963.0,Jan - Mar 2012,Apr - Jun 2012
128,2012-01-01,SNNP,16721876,14948649,4631804.0,8899603.0,1417242.0,0.0,0.0,4631804.0,8899603.0,1417242.0,0.0,0.0,4560026.0,2539306.0,7849317.0,0.0,0.0,14948649.0,14948649.0,14948649.0,Jan - Mar 2012,Apr - Jun 2012
129,2012-01-01,Sidama,4432226,3962225,0.0,3962225.0,0.0,0.0,0.0,0.0,3962225.0,0.0,0.0,0.0,0.0,3962225.0,0.0,0.0,0.0,3962225.0,3962225.0,3962225.0,Jan - Mar 2012,Apr - Jun 2012
130,2012-01-01,Somali,6397806,5719366,0.0,0.0,5719366.0,0.0,0.0,0.0,0.0,5719366.0,0.0,0.0,0.0,0.0,5719366.0,0.0,0.0,5719366.0,5719366.0,5719366.0,Jan - Mar 2012,Apr - Jun 2012
131,2012-01-01,Tigray,5685598,5082684,418274.0,4664410.0,0.0,0.0,0.0,418274.0,4664410.0,0.0,0.0,0.0,418274.0,3955380.0,709030.0,0.0,0.0,5082684.0,5082684.0,5082684.0,Jan - Mar 2012,Apr - Jun 2012
132,2012-04-01,Addis Ababa,3780729,3379814,3379814.0,0.0,0.0,0.0,0.0,3379814.0,0.0,0.0,0.0,0.0,3379814.0,0.0,0.0,0.0,0.0,3379814.0,3379814.0,3379814.0,Apr - Jun 2012,Jul - Sep 2012
133,2012-04-01,Afar,2015347,1801633,0.0,1342151.0,459482.0,0.0,0.0,0.0,724126.0,1077507.0,0.0,0.0,0.0,1801633.0,0.0,0.0,0.0,1801633.0,1801633.0,1801633.0,Apr - Jun 2012,Jul - Sep 2012
134,2012-04-01,Amhara,22808290,20389654,9409219.0,8882715.0,2097720.0,0.0,0.0,9409219.0,8882715.0,2097720.0,0.0,0.0,9409219.0,8882715.0,2097720.0,0.0,0.0,20389654.0,20389654.0,20389654.0,Apr - Jun 2012,Jul - Sep 2012
135,2012-04-01,Benishangul Gumz,1204954,1077177,1077177.0,0.0,0.0,0.0,0.0,1077177.0,0.0,0.0,0.0,0.0,1077177.0,0.0,0.0,0.0,0.0,1077177.0,1077177.0,1077177.0,Apr - Jun 2012,Jul - Sep 2012
136,2012-04-01,Dire Dawa,523623,468096,0.0,173082.0,0.0,0.0,0.0,0.0,173082.0,0.0,0.0,0.0,0.0,173082.0,0.0,0.0,0.0,173082.0,173082.0,173082.0,Apr - Jun 2012,Jul - Sep 2012
137,2012-04-01,Gambela,498214,445380,290541.0,154839.0,0.0,0.0,0.0,290541.0,154839.0,0.0,0.0,0.0,290541.0,154839.0,0.0,0.0,0.0,445380.0,445380.0,445380.0,Apr - Jun 2012,Jul - Sep 2012
138,2012-04-01,Harari,275491,246277,0.0,246277.0,0.0,0.0,0.0,0.0,246277.0,0.0,0.0,0.0,0.0,0.0,246277.0,0.0,0.0,246277.0,246277.0,246277.0,Apr - Jun 2012,Jul - Sep 2012
139,2012-04-01,Oromia,39382119,35205963,19715876.0,10726813.0,4763274.0,0.0,0.0,19715876.0,10726813.0,4763274.0,0.0,0.0,19715876.0,8350829.0,7139258.0,0.0,0.0,35205963.0,35205963.0,35205963.0,Apr - Jun 2012,Jul - Sep 2012
140,2012-04-01,SNNP,16721876,14948649,4631804.0,4026399.0,6290446.0,0.0,0.0,4631804.0,4026399.0,6290446.0,0.0,0.0,4560026.0,8658796.0,1729827.0,0.0,0.0,14948649.0,14948649.0,14948649.0,Apr - Jun 2012,Jul - Sep 2012
141,2012-04-01,Sidama,4432226,3962225,0.0,3962225.0,0.0,0.0,0.0,0.0,3962225.0,0.0,0.0,0.0,0.0,3962225.0,0.0,0.0,0.0,3962225.0,3962225.0,3962225.0,Apr - Jun 2012,Jul - Sep 2012
142,2012-04-01,Somali,6397806,5719366,0.0,0.0,5719366.0,0.0,0.0,0.0,0.0,5719366.0,0.0,0.0,0.0,1739437.0,3979929.0,0.0,0.0,5719366.0,5719366.0,5719366.0,Apr - Jun 2012,Jul - Sep 2012
143,2012-04-01,Tigray,5685598,5082684,418274.0,4664410.0,0.0,0.0,0.0,418274.0,4664410.0,0.0,0.0,0.0,418274.0,4664410.0,0.0,0.0,0.0,5082684.0,5082684.0,5082684.0,Apr - Jun 2012,Jul - Sep 2012
144,2012-07-01,Addis Ababa,3780729,3379814,3379814.0,0.0,0.0,0.0,0.0,3379814.0,0.0,0.0,0.0,0.0,3379814.0,0.0,0.0,0.0,0.0,3379814.0,3379814.0,3379814.0,Jul - Sep 2012,Oct - Dec 2012
145,2012-07-01,Afar,2015347,1801633,0.0,1183608.0,618025.0,0.0,0.0,0.0,1183608.0,618025.0,0.0,0.0,0.0,1183608.0,618025.0,0.0,0.0,1801633.0,1801633.0,1801633.0,Jul - Sep 2012,Oct - Dec 2012
146,2012-07-01,Amhara,22808290,20389654,9409219.0,5850366.0,5130069.0,0.0,0.0,9409219.0,5850366.0,5130069.0,0.0,0.0,14433655.0,3858279.0,2097720.0,0.0,0.0,20389654.0,20389654.0,20389654.0,Jul - Sep 2012,Oct - Dec 2012
147,2012-07-01,Benishangul Gumz,1204954,1077177,1077177.0,0.0,0.0,0.0,0.0,1077177.0,0.0,0.0,0.0,0.0,1077177.0,0.0,0.0,0.0,0.0,1077177.0,1077177.0,1077177.0,Jul - Sep 2012,Oct - Dec 2012
148,2012-07-01,Dire Dawa,523623,468096,0.0,0.0,173082.0,0.0,0.0,0.0,0.0,173082.0,0.0,0.0,0.0,173082.0,0.0,0.0,0.0,173082.0,173082.0,173082.0,Jul - Sep 2012,Oct - Dec 2012
149,2012-07-01,Gambela,498214,445380,445380.0,0.0,0.0,0.0,0.0,445380.0,0.0,0.0,0.0,0.0,445380.0,0.0,0.0,0.0,0.0,445380.0,445380.0,445380.0,Jul - Sep 2012,Oct - Dec 2012
150,2012-07-01,Harari,275491,246277,0.0,0.0,246277.0,0.0,0.0,0.0,0.0,246277.0,0.0,0.0,0.0,246277.0,0.0,0.0,0.0,246277.0,246277.0,246277.0,Jul - Sep 2012,Oct - Dec 2012
151,2012-07-01,Oromia,39382119,35205963,14457058.0,11654606.0,9094299.0,0.0,0.0,14457058.0,11654606.0,9094299.0,0.0,0.0,23101815.0,12104148.0,0.0,0.0,0.0,35205963.0,35205963.0,35205963.0,Jul - Sep 2012,Oct - Dec 2012
152,2012-07-01,SNNP,16721876,14948649,2963162.0,1668642.0,10316845.0,0.0,0.0,2963162.0,1668642.0,10316845.0,0.0,0.0,4631804.0,10316845.0,0.0,0.0,0.0,14948649.0,14948649.0,14948649.0,Jul - Sep 2012,Oct - Dec 2012
153,2012-07-01,Sidama,4432226,3962225,0.0,0.0,3962225.0,0.0,0.0,0.0,0.0,3962225.0,0.0,0.0,0.0,3962225.0,0.0,0.0,0.0,3962225.0,3962225.0,3962225.0,Jul - Sep 2012,Oct - Dec 2012
154,2012-07-01,Somali,6397806,5719366,0.0,0.0,5719366.0,0.0,0.0,0.0,0.0,5719366.0,0.0,0.0,0.0,5128046.0,591320.0,0.0,0.0,5719366.0,5719366.0,5719366.0,Jul - Sep 2012,Oct - Dec 2012
155,2012-07-01,Tigray,5685598,5082684,418274.0,4664410.0,0.0,0.0,0.0,418274.0,4664410.0,0.0,0.0,0.0,1243704.0,2192883.0,1646097.0,0.0,0.0,5082684.0,5082684.0,5082684.0,Jul - Sep 2012,Oct - Dec 2012
156,2012-10-01,Addis Ababa,3780729,3379814,3379814.0,0.0,0.0,0.0,0.0,3379814.0,0.0,0.0,0.0,0.0,3379814.0,0.0,0.0,0.0,0.0,3379814.0,3379814.0,3379814.0,Oct - Dec 2012,Jan - Mar 2013
157,2012-10-01,Afar,2015347,1801633,0.0,1183608.0,618025.0,0.0,0.0,0.0,1183608.0,618025.0,0.0,0.0,0.0,447980.0,1353653.0,0.0,0.0,1801633.0,1801633.0,1801633.0,Oct - Dec 2012,Jan - Mar 2013
158,2012-10-01,Amhara,22808290,20389654,14433655.0,3858279.0,2097720.0,0.0,0.0,14433655.0,3858279.0,2097720.0,0.0,0.0,11552460.0,6739474.0,2097720.0,0.0,0.0,20389654.0,20389654.0,20389654.0,Oct - Dec 2012,Jan - Mar 2013
159,2012-10-01,Benishangul Gumz,1204954,1077177,1077177.0,0.0,0.0,0.0,0.0,1077177.0,0.0,0.0,0.0,0.0,1077177.0,0.0,0.0,0.0,0.0,1077177.0,1077177.0,1077177.0,Oct - Dec 2012,Jan - Mar 2013
160,2012-10-01,Dire Dawa,523623,468096,0.0,468096.0,0.0,0.0,0.0,0.0,468096.0,0.0,0.0,0.0,0.0,0.0,468096.0,0.0,0.0,468096.0,468096.0,468096.0,Oct - Dec 2012,Jan - Mar 2013
161,2012-10-01,Gambela,498214,445380,445380.0,0.0,0.0,0.0,0.0,445380.0,0.0,0.0,0.0,0.0,445380.0,0.0,0.0,0.0,0.0,445380.0,445380.0,445380.0,Oct - Dec 2012,Jan - Mar 2013
162,2012-10-01,Harari,275491,246277,0.0,246277.0,0.0,0.0,0.0,0.0,246277.0,0.0,0.0,0.0,0.0,0.0,246277.0,0.0,0.0,246277.0,246277.0,246277.0,Oct - Dec 2012,Jan - Mar 2013
163,2012-10-01,Oromia,39382119,35205963,23101815.0,12104148.0,0.0,0.0,0.0,23101815.0,12104148.0,0.0,0.0,0.0,20967340.0,8405682.0,5832941.0,0.0,0.0,35205963.0,35205963.0,35205963.0,Oct - Dec 2012,Jan - Mar 2013
164,2012-10-01,SNNP,16721876,14948649,4631804.0,10316845.0,0.0,0.0,0.0,4631804.0,10316845.0,0.0,0.0,0.0,5214996.0,4416065.0,5317588.0,0.0,0.0,14948649.0,14948649.0,14948649.0,Oct - Dec 2012,Jan - Mar 2013
165,2012-10-01,Sidama,4432226,3962225,0.0,3962225.0,0.0,0.0,0.0,0.0,3962225.0,0.0,0.0,0.0,0.0,0.0,3962225.0,0.0,0.0,3962225.0,3962225.0,3962225.0,Oct - Dec 2012,Jan - Mar 2013
166,2012-10-01,Somali,6397806,5719366,0.0,5128046.0,591320.0,0.0,0.0,0.0,5128046.0,591320.0,0.0,0.0,0.0,3640092.0,2079274.0,0.0,0.0,5719366.0,5719366.0,5719366.0,Oct - Dec 2012,Jan - Mar 2013
167,2012-10-01,Tigray,5685598,5082684,1243704.0,2192883.0,1646097.0,0.0,0.0,1243704.0,2192883.0,1646097.0,0.0,0.0,418274.0,2149397.0,2515013.0,0.0,0.0,5082684.0,5082684.0,5082684.0,Oct - Dec 2012,Jan - Mar 2013
168,2013-01-01,Addis Ababa,3780729,3476725,3476725.0,0.0,0.0,0.0,0.0,3476725.0,0.0,0.0,0.0,0.0,3476725.0,0.0,0.0,0.0,0.0,3476725.0,3476725.0,3476725.0,Jan - Mar 2013,Apr - Jun 2013
169,2013-01-01,Afar,2015347,1853294,0.0,1119443.0,733851.0,0.0,0.0,0.0,1119443.0,733851.0,0.0,0.0,0.0,1119443.0,733851.0,0.0,0.0,1853294.0,1853294.0,1853294.0,Jan - Mar 2013,Apr - Jun 2013
170,2013-01-01,Amhara,22808290,20974301,14298811.0,6184542.0,490948.0,0.0,0.0,14298811.0,1398322.0,5277168.0,0.0,0.0,15148424.0,0.0,5825877.0,0.0,0.0,20974301.0,20974301.0,20974301.0,Jan - Mar 2013,Apr - Jun 2013
171,2013-01-01,Benishangul Gumz,1204954,1108063,1108063.0,0.0,0.0,0.0,0.0,1108063.0,0.0,0.0,0.0,0.0,1108063.0,0.0,0.0,0.0,0.0,1108063.0,1108063.0,1108063.0,Jan - Mar 2013,Apr - Jun 2013
172,2013-01-01,Dire Dawa,523623,481518,0.0,0.0,481518.0,0.0,0.0,0.0,0.0,481518.0,0.0,0.0,0.0,0.0,481518.0,0.0,0.0,481518.0,481518.0,481518.0,Jan - Mar 2013,Apr - Jun 2013
173,2013-01-01,Gambela,498214,458152,250075.0,208077.0,0.0,0.0,0.0,250075.0,208077.0,0.0,0.0,0.0,250075.0,208077.0,0.0,0.0,0.0,458152.0,458152.0,458152.0,Jan - Mar 2013,Apr - Jun 2013
174,2013-01-01,Harari,275491,253339,0.0,0.0,253339.0,0.0,0.0,0.0,0.0,253339.0,0.0,0.0,0.0,0.0,253339.0,0.0,0.0,253339.0,253339.0,253339.0,Jan - Mar 2013,Apr - Jun 2013
175,2013-01-01,Oromia,39382119,36215444,23003024.0,7212228.0,6000192.0,0.0,0.0,23003024.0,5796912.0,7415508.0,0.0,0.0,23003024.0,3993210.0,9219210.0,0.0,0.0,36215444.0,36215444.0,36215444.0,Jan - Mar 2013,Apr - Jun 2013
176,2013-01-01,SNNP,16721876,15377280,4764616.0,10612664.0,0.0,0.0,0.0,4764616.0,4617898.0,5994766.0,0.0,0.0,4764616.0,4617898.0,5994766.0,0.0,0.0,15377280.0,15377280.0,15377280.0,Jan - Mar 2013,Apr - Jun 2013
177,2013-01-01,Sidama,4432226,4075836,0.0,4075836.0,0.0,0.0,0.0,0.0,0.0,4075836.0,0.0,0.0,0.0,0.0,4075836.0,0.0,0.0,4075836.0,4075836.0,4075836.0,Jan - Mar 2013,Apr - Jun 2013
178,2013-01-01,Somali,6397806,5883362,0.0,4229450.0,1653912.0,0.0,0.0,0.0,2395120.0,3488242.0,0.0,0.0,0.0,4843459.0,1039903.0,0.0,0.0,5883362.0,5883362.0,5883362.0,Jan - Mar 2013,Apr - Jun 2013
179,2013-01-01,Tigray,5685598,5228423,1279365.0,2255761.0,1693297.0,0.0,0.0,1279365.0,2255761.0,1693297.0,0.0,0.0,430267.0,849098.0,3949058.0,0.0,0.0,5228423.0,5228423.0,5228423.0,Jan - Mar 2013,Apr - Jun 2013
180,2013-04-01,Addis Ababa,3780729,3476725,3476725.0,0.0,0.0,0.0,0.0,3476725.0,0.0,0.0,0.0,0.0,3476725.0,0.0,0.0,0.0,0.0,3476725.0,3476725.0,3476725.0,Apr - Jun 2013,Jul - Sep 2013
181,2013-04-01,Afar,2015347,1853294,0.0,0.0,1853294.0,0.0,0.0,0.0,744890.0,1108404.0,0.0,0.0,0.0,744890.0,1108404.0,0.0,0.0,1853294.0,1853294.0,1853294.0,Apr - Jun 2013,Jul - Sep 2013
182,2013-04-01,Amhara,22808290,20974301,15148424.0,0.0,5825877.0,0.0,0.0,15148424.0,0.0,5825877.0,0.0,0.0,14298811.0,0.0,6675490.0,0.0,0.0,20974301.0,20974301.0,20974301.0,Apr - Jun 2013,Jul - Sep 2013
183,2013-04-01,Benishangul Gumz,1204954,1108063,1108063.0,0.0,0.0,0.0,0.0,1108063.0,0.0,0.0,0.0,0.0,1108063.0,0.0,0.0,0.0,0.0,1108063.0,1108063.0,1108063.0,Apr - Jun 2013,Jul - Sep 2013
184,2013-04-01,Dire Dawa,523623,481518,0.0,0.0,481518.0,0.0,0.0,0.0,0.0,481518.0,0.0,0.0,0.0,0.0,481518.0,0.0,0.0,481518.0,481518.0,481518.0,Apr - Jun 2013,Jul - Sep 2013
185,2013-04-01,Gambela,498214,458152,458152.0,0.0,0.0,0.0,0.0,458152.0,0.0,0.0,0.0,0.0,458152.0,0.0,0.0,0.0,0.0,458152.0,458152.0,458152.0,Apr - Jun 2013,Jul - Sep 2013
186,2013-04-01,Harari,275491,253339,0.0,0.0,253339.0,0.0,0.0,0.0,0.0,253339.0,0.0,0.0,0.0,0.0,253339.0,0.0,0.0,253339.0,253339.0,253339.0,Apr - Jun 2013,Jul - Sep 2013
187,2013-04-01,Oromia,39382119,36215444,23764226.0,4647324.0,7803894.0,0.0,0.0,23764226.0,4647324.0,7803894.0,0.0,0.0,23764226.0,4647324.0,7803894.0,0.0,0.0,36215444.0,36215444.0,36215444.0,Apr - Jun 2013,Jul - Sep 2013
188,2013-04-01,SNNP,16721876,15377280,4764616.0,3719781.0,6892883.0,0.0,0.0,4764616.0,3719781.0,6892883.0,0.0,0.0,4764616.0,9184022.0,1428642.0,0.0,0.0,15377280.0,15377280.0,15377280.0,Apr - Jun 2013,Jul - Sep 2013
189,2013-04-01,Sidama,4432226,4075836,0.0,0.0,4075836.0,0.0,0.0,0.0,0.0,4075836.0,0.0,0.0,0.0,4075836.0,0.0,0.0,0.0,4075836.0,4075836.0,4075836.0,Apr - Jun 2013,Jul - Sep 2013
190,2013-04-01,Somali,6397806,5883362,0.0,4229450.0,1653912.0,0.0,0.0,0.0,4229450.0,1653912.0,0.0,0.0,0.0,4229450.0,1653912.0,0.0,0.0,5883362.0,5883362.0,5883362.0,Apr - Jun 2013,Jul - Sep 2013
191,2013-04-01,Tigray,5685598,5228423,430267.0,849098.0,3949058.0,0.0,0.0,430267.0,849098.0,3949058.0,0.0,0.0,430267.0,849098.0,3949058.0,0.0,0.0,5228423.0,5228423.0,5228423.0,Apr - Jun 2013,Jul - Sep 2013
192,2013-07-01,Addis Ababa,3780729,3476725,3476725.0,0.0,0.0,0.0,0.0,3476725.0,0.0,0.0,0.0,0.0,3476725.0,0.0,0.0,0.0,0.0,3476725.0,3476725.0,3476725.0,Jul - Sep 2013,Oct - Dec 2013
193,2013-07-01,Afar,2015347,1853294,0.0,744890.0,1108404.0,0.0,0.0,0.0,744890.0,1108404.0,0.0,0.0,0.0,744890.0,1108404.0,0.0,0.0,1853294.0,1853294.0,1853294.0,Jul - Sep 2013,Oct - Dec 2013
194,2013-07-01,Amhara,22808290,20974301,14298811.0,0.0,6675490.0,0.0,0.0,14298811.0,0.0,6675490.0,0.0,0.0,11883711.0,9090590.0,0.0,0.0,0.0,20974301.0,20974301.0,20974301.0,Jul - Sep 2013,Oct - Dec 2013
195,2013-07-01,Benishangul Gumz,1204954,1108063,1108063.0,0.0,0.0,0.0,0.0,1108063.0,0.0,0.0,0.0,0.0,1108063.0,0.0,0.0,0.0,0.0,1108063.0,1108063.0,1108063.0,Jul - Sep 2013,Oct - Dec 2013
196,2013-07-01,Dire Dawa,523623,481518,0.0,0.0,481518.0,0.0,0.0,0.0,0.0,481518.0,0.0,0.0,0.0,0.0,481518.0,0.0,0.0,481518.0,481518.0,481518.0,Jul - Sep 2013,Oct - Dec 2013
197,2013-07-01,Gambela,498214,458152,458152.0,0.0,0.0,0.0,0.0,458152.0,0.0,0.0,0.0,0.0,458152.0,0.0,0.0,0.0,0.0,458152.0,458152.0,458152.0,Jul - Sep 2013,Oct - Dec 2013
198,2013-07-01,Harari,275491,253339,0.0,0.0,253339.0,0.0,0.0,0.0,0.0,253339.0,0.0,0.0,0.0,253339.0,0.0,0.0,0.0,253339.0,253339.0,253339.0,Jul - Sep 2013,Oct - Dec 2013
199,2013-07-01,Oromia,39382119,36215444,23764226.0,3605819.0,8845399.0,0.0,0.0,23764226.0,3605819.0,8845399.0,0.0,0.0,18085522.0,18129922.0,0.0,0.0,0.0,36215444.0,36215444.0,36215444.0,Jul - Sep 2013,Oct - Dec 2013
200,2013-07-01,SNNP,16721876,15377280,4764616.0,9184022.0,1428642.0,0.0,0.0,4764616.0,9184022.0,1428642.0,0.0,0.0,4764616.0,10612664.0,0.0,0.0,0.0,15377280.0,15377280.0,15377280.0,Jul - Sep 2013,Oct - Dec 2013
201,2013-07-01,Sidama,4432226,4075836,0.0,4075836.0,0.0,0.0,0.0,0.0,4075836.0,0.0,0.0,0.0,0.0,4075836.0,0.0,0.0,0.0,4075836.0,4075836.0,4075836.0,Jul - Sep 2013,Oct - Dec 2013
202,2013-07-01,Somali,6397806,5883362,0.0,4656790.0,1226572.0,0.0,0.0,0.0,4656790.0,1226572.0,0.0,0.0,0.0,4656790.0,1226572.0,0.0,0.0,5883362.0,5883362.0,5883362.0,Jul - Sep 2013,Oct - Dec 2013
203,2013-07-01,Tigray,5685598,5228423,430267.0,849098.0,3949058.0,0.0,0.0,430267.0,849098.0,3949058.0,0.0,0.0,430267.0,4798156.0,0.0,0.0,0.0,5228423.0,5228423.0,5228423.0,Jul - Sep 2013,Oct - Dec 2013
204,2013-10-01,Addis Ababa,3780729,3476725,3476725.0,0.0,0.0,0.0,0.0,3476725.0,0.0,0.0,0.0,0.0,3476725.0,0.0,0.0,0.0,0.0,3476725.0,3476725.0,3476725.0,Oct - Dec 2013,Jan - Mar 2014
205,2013-10-01,Afar,2015347,1853294,0.0,1380636.0,472658.0,0.0,0.0,0.0,1380636.0,472658.0,0.0,0.0,0.0,744890.0,1108404.0,0.0,0.0,1853294.0,1853294.0,1853294.0,Oct - Dec 2013,Jan - Mar 2014
206,2013-10-01,Amhara,22808290,20974301,11883711.0,9090590.0,0.0,0.0,0.0,11883711.0,9090590.0,0.0,0.0,0.0,15148424.0,5334929.0,490948.0,0.0,0.0,20974301.0,20974301.0,20974301.0,Oct - Dec 2013,Jan - Mar 2014
207,2013-10-01,Benishangul Gumz,1204954,1108063,1108063.0,0.0,0.0,0.0,0.0,1108063.0,0.0,0.0,0.0,0.0,1108063.0,0.0,0.0,0.0,0.0,1108063.0,1108063.0,1108063.0,Oct - Dec 2013,Jan - Mar 2014
208,2013-10-01,Dire Dawa,523623,481518,0.0,481518.0,0.0,0.0,0.0,0.0,481518.0,0.0,0.0,0.0,0.0,481518.0,0.0,0.0,0.0,481518.0,481518.0,481518.0,Oct - Dec 2013,Jan - Mar 2014
209,2013-10-01,Gambela,498214,458152,458152.0,0.0,0.0,0.0,0.0,458152.0,0.0,0.0,0.0,0.0,458152.0,0.0,0.0,0.0,0.0,458152.0,458152.0,458152.0,Oct - Dec 2013,Jan - Mar 2014
210,2013-10-01,Harari,275491,253339,0.0,253339.0,0.0,0.0,0.0,0.0,253339.0,0.0,0.0,0.0,0.0,253339.0,0.0,0.0,0.0,253339.0,253339.0,253339.0,Oct - Dec 2013,Jan - Mar 2014
211,2013-10-01,Oromia,39382119,36215444,18085522.0,18129922.0,0.0,0.0,0.0,18085522.0,18129922.0,0.0,0.0,0.0,23764226.0,12451218.0,0.0,0.0,0.0,36215444.0,36215444.0,36215444.0,Oct - Dec 2013,Jan - Mar 2014
212,2013-10-01,SNNP,16721876,15377280,4764616.0,10612664.0,0.0,0.0,0.0,4764616.0,10612664.0,0.0,0.0,0.0,4764616.0,9714547.0,898117.0,0.0,0.0,15377280.0,15377280.0,15377280.0,Oct - Dec 2013,Jan - Mar 2014
213,2013-10-01,Sidama,4432226,4075836,0.0,4075836.0,0.0,0.0,0.0,0.0,4075836.0,0.0,0.0,0.0,0.0,4075836.0,0.0,0.0,0.0,4075836.0,4075836.0,4075836.0,Oct - Dec 2013,Jan - Mar 2014
214,2013-10-01,Somali,6397806,5883362,0.0,5265065.0,618297.0,0.0,0.0,0.0,5265065.0,618297.0,0.0,0.0,0.0,5883362.0,0.0,0.0,0.0,5883362.0,5883362.0,5883362.0,Oct - Dec 2013,Jan - Mar 2014
215,2013-10-01,Tigray,5685598,5228423,430267.0,4798156.0,0.0,0.0,0.0,430267.0,4798156.0,0.0,0.0,0.0,430267.0,3834220.0,963936.0,0.0,0.0,5228423.0,5228423.0,5228423.0,Oct - Dec 2013,Jan - Mar 2014
216,2014-01-01,Addis Ababa,3780729,3575446,3575446.0,0.0,0.0,0.0,0.0,3575446.0,0.0,0.0,0.0,0.0,3575446.0,0.0,0.0,0.0,0.0,3575446.0,3575446.0,3575446.0,Jan - Mar 2014,Apr - Jun 2014
217,2014-01-01,Afar,2015347,1905917,0.0,1419838.0,486079.0,0.0,0.0,0.0,1419838.0,486079.0,0.0,0.0,0.0,1419838.0,486079.0,0.0,0.0,1905917.0,1905917.0,1905917.0,Jan - Mar 2014,Apr - Jun 2014
218,2014-01-01,Amhara,22808290,21569864,21064975.0,504889.0,0.0,0.0,0.0,21064975.0,504889.0,0.0,0.0,0.0,12221148.0,4762220.0,4586496.0,0.0,0.0,21569864.0,21569864.0,21569864.0,Jan - Mar 2014,Apr - Jun 2014
219,2014-01-01,Benishangul Gumz,1204954,1139526,1139526.0,0.0,0.0,0.0,0.0,1139526.0,0.0,0.0,0.0,0.0,1139526.0,0.0,0.0,0.0,0.0,1139526.0,1139526.0,1139526.0,Jan - Mar 2014,Apr - Jun 2014
220,2014-01-01,Dire Dawa,523623,495191,495191.0,0.0,0.0,0.0,0.0,495191.0,0.0,0.0,0.0,0.0,0.0,495191.0,0.0,0.0,0.0,495191.0,495191.0,495191.0,Jan - Mar 2014,Apr - Jun 2014
221,2014-01-01,Gambela,498214,471160,471160.0,0.0,0.0,0.0,0.0,471160.0,0.0,0.0,0.0,0.0,471160.0,0.0,0.0,0.0,0.0,471160.0,471160.0,471160.0,Jan - Mar 2014,Apr - Jun 2014
222,2014-01-01,Harari,275491,260532,260532.0,0.0,0.0,0.0,0.0,260532.0,0.0,0.0,0.0,0.0,0.0,260532.0,0.0,0.0,0.0,260532.0,260532.0,260532.0,Jan - Mar 2014,Apr - Jun 2014
223,2014-01-01,Oromia,39382119,37243780,37243780.0,0.0,0.0,0.0,0.0,37243780.0,0.0,0.0,0.0,0.0,23060556.0,14183224.0,0.0,0.0,0.0,37243780.0,37243780.0,37243780.0,Jan - Mar 2014,Apr - Jun 2014
224,2014-01-01,SNNP,16721876,15813918,13330087.0,2483831.0,0.0,0.0,0.0,13330087.0,2483831.0,0.0,0.0,0.0,6041053.0,9772865.0,0.0,0.0,0.0,15813918.0,15813918.0,15813918.0,Jan - Mar 2014,Apr - Jun 2014
225,2014-01-01,Sidama,4432226,4191569,0.0,4191569.0,0.0,0.0,0.0,0.0,4191569.0,0.0,0.0,0.0,0.0,4191569.0,0.0,0.0,0.0,4191569.0,4191569.0,4191569.0,Jan - Mar 2014,Apr - Jun 2014
226,2014-01-01,Somali,6397806,6050419,0.0,6050419.0,0.0,0.0,0.0,0.0,6050419.0,0.0,0.0,0.0,0.0,6050419.0,0.0,0.0,0.0,6050419.0,6050419.0,6050419.0,Jan - Mar 2014,Apr - Jun 2014
227,2014-01-01,Tigray,5685598,5376885,1808338.0,3568547.0,0.0,0.0,0.0,2558409.0,2818476.0,0.0,0.0,0.0,1315693.0,1242716.0,2818476.0,0.0,0.0,5376885.0,5376885.0,5376885.0,Jan - Mar 2014,Apr - Jun 2014
228,2014-04-01,Addis Ababa,3780729,3575446,3575446.0,0.0,0.0,0.0,0.0,3575446.0,0.0,0.0,0.0,0.0,3575446.0,0.0,0.0,0.0,0.0,3575446.0,3575446.0,3575446.0,Apr - Jun 2014,Jul - Sep 2014
229,2014-04-01,Afar,2015347,1905917,0.0,1419838.0,486079.0,0.0,0.0,0.0,1419838.0,486079.0,0.0,0.0,0.0,1419838.0,486079.0,0.0,0.0,1905917.0,1905917.0,1905917.0,Apr - Jun 2014,Jul - Sep 2014
230,2014-04-01,Amhara,22808290,21569864,12221148.0,4762220.0,4586496.0,0.0,0.0,12221148.0,4762220.0,4586496.0,0.0,0.0,12221148.0,7970090.0,1378626.0,0.0,0.0,21569864.0,21569864.0,21569864.0,Apr - Jun 2014,Jul - Sep 2014
231,2014-04-01,Benishangul Gumz,1204954,1139526,1139526.0,0.0,0.0,0.0,0.0,1139526.0,0.0,0.0,0.0,0.0,1139526.0,0.0,0.0,0.0,0.0,1139526.0,1139526.0,1139526.0,Apr - Jun 2014,Jul - Sep 2014
232,2014-04-01,Dire Dawa,523623,495191,0.0,495191.0,0.0,0.0,0.0,0.0,495191.0,0.0,0.0,0.0,0.0,495191.0,0.0,0.0,0.0,495191.0,495191.0,495191.0,Apr - Jun 2014,Jul - Sep 2014
233,2014-04-01,Gambela,498214,471160,471160.0,0.0,0.0,0.0,0.0,471160.0,0.0,0.0,0.0,0.0,471160.0,0.0,0.0,0.0,0.0,471160.0,471160.0,471160.0,Apr - Jun 2014,Jul - Sep 2014
234,2014-04-01,Harari,275491,260532,0.0,260532.0,0.0,0.0,0.0,0.0,260532.0,0.0,0.0,0.0,0.0,260532.0,0.0,0.0,0.0,260532.0,260532.0,260532.0,Apr - Jun 2014,Jul - Sep 2014
235,2014-04-01,Oromia,39382119,37243780,23060556.0,14183224.0,0.0,0.0,0.0,23060556.0,14183224.0,0.0,0.0,0.0,23060556.0,14183224.0,0.0,0.0,0.0,37243780.0,37243780.0,37243780.0,Apr - Jun 2014,Jul - Sep 2014
236,2014-04-01,SNNP,16721876,15813918,6041053.0,9772865.0,0.0,0.0,0.0,6041053.0,9772865.0,0.0,0.0,0.0,15813918.0,0.0,0.0,0.0,0.0,15813918.0,15813918.0,15813918.0,Apr - Jun 2014,Jul - Sep 2014
237,2014-04-01,Sidama,4432226,4191569,0.0,4191569.0,0.0,0.0,0.0,0.0,4191569.0,0.0,0.0,0.0,4191569.0,0.0,0.0,0.0,0.0,4191569.0,4191569.0,4191569.0,Apr - Jun 2014,Jul - Sep 2014
238,2014-04-01,Somali,6397806,6050419,0.0,6050419.0,0.0,0.0,0.0,0.0,6050419.0,0.0,0.0,0.0,0.0,6050419.0,0.0,0.0,0.0,6050419.0,6050419.0,6050419.0,Apr - Jun 2014,Jul - Sep 2014
239,2014-04-01,Tigray,5685598,5376885,1315693.0,1242716.0,2818476.0,0.0,0.0,1315693.0,1242716.0,2818476.0,0.0,0.0,1315693.0,1669283.0,2391909.0,0.0,0.0,5376885.0,5376885.0,5376885.0,Apr - Jun 2014,Jul - Sep 2014
240,2014-07-01,Addis Ababa,3780729,3575446,3575446.0,0.0,0.0,0.0,0.0,3575446.0,0.0,0.0,0.0,0.0,3575446.0,0.0,0.0,0.0,0.0,3575446.0,3575446.0,3575446.0,Jul - Sep 2014,Oct - Dec 2014
241,2014-07-01,Afar,2015347,1905917,0.0,1419838.0,486079.0,0.0,0.0,0.0,1419838.0,486079.0,0.0,0.0,0.0,1419838.0,486079.0,0.0,0.0,1905917.0,1905917.0,1905917.0,Jul - Sep 2014,Oct - Dec 2014
242,2014-07-01,Amhara,22808290,21569864,14704825.0,6360150.0,504889.0,0.0,0.0,14704825.0,6360150.0,504889.0,0.0,0.0,14704825.0,6865039.0,0.0,0.0,0.0,21569864.0,21569864.0,21569864.0,Jul - Sep 2014,Oct - Dec 2014
243,2014-07-01,Benishangul Gumz,1204954,1139526,1139526.0,0.0,0.0,0.0,0.0,1139526.0,0.0,0.0,0.0,0.0,1139526.0,0.0,0.0,0.0,0.0,1139526.0,1139526.0,1139526.0,Jul - Sep 2014,Oct - Dec 2014
244,2014-07-01,Dire Dawa,523623,495191,0.0,495191.0,0.0,0.0,0.0,0.0,495191.0,0.0,0.0,0.0,0.0,495191.0,0.0,0.0,0.0,495191.0,495191.0,495191.0,Jul - Sep 2014,Oct - Dec 2014
245,2014-07-01,Gambela,498214,471160,471160.0,0.0,0.0,0.0,0.0,471160.0,0.0,0.0,0.0,0.0,471160.0,0.0,0.0,0.0,0.0,471160.0,471160.0,471160.0,Jul - Sep 2014,Oct - Dec 2014
246,2014-07-01,Harari,275491,260532,0.0,260532.0,0.0,0.0,0.0,0.0,260532.0,0.0,0.0,0.0,0.0,260532.0,0.0,0.0,0.0,260532.0,260532.0,260532.0,Jul - Sep 2014,Oct - Dec 2014
247,2014-07-01,Oromia,39382119,37243780,21605052.0,15638728.0,0.0,0.0,0.0,21605052.0,15638728.0,0.0,0.0,0.0,21473260.0,15770520.0,0.0,0.0,0.0,37243780.0,37243780.0,37243780.0,Jul - Sep 2014,Oct - Dec 2014
248,2014-07-01,SNNP,16721876,15813918,15071019.0,742899.0,0.0,0.0,0.0,15071019.0,742899.0,0.0,0.0,0.0,15071019.0,742899.0,0.0,0.0,0.0,15813918.0,15813918.0,15813918.0,Jul - Sep 2014,Oct - Dec 2014
249,2014-07-01,Sidama,4432226,4191569,4191569.0,0.0,0.0,0.0,0.0,4191569.0,0.0,0.0,0.0,0.0,4191569.0,0.0,0.0,0.0,0.0,4191569.0,4191569.0,4191569.0,Jul - Sep 2014,Oct - Dec 2014
250,2014-07-01,Somali,6397806,6050419,0.0,6050419.0,0.0,0.0,0.0,0.0,6050419.0,0.0,0.0,0.0,0.0,6050419.0,0.0,0.0,0.0,6050419.0,6050419.0,6050419.0,Jul - Sep 2014,Oct - Dec 2014
251,2014-07-01,Tigray,5685598,5376885,1315693.0,1669283.0,2391909.0,0.0,0.0,1315693.0,1669283.0,2391909.0,0.0,0.0,1315693.0,4061192.0,0.0,0.0,0.0,5376885.0,5376885.0,5376885.0,Jul - Sep 2014,Oct - Dec 2014
252,2014-10-01,Addis Ababa,3780729,3575446,3575446.0,0.0,0.0,0.0,0.0,3575446.0,0.0,0.0,0.0,0.0,3575446.0,0.0,0.0,0.0,0.0,3575446.0,3575446.0,3575446.0,Oct - Dec 2014,Jan - Mar 2015
253,2014-10-01,Afar,2015347,1905917,0.0,1613787.0,292130.0,0.0,0.0,0.0,1613787.0,292130.0,0.0,0.0,0.0,1613787.0,292130.0,0.0,0.0,1905917.0,1905917.0,1905917.0,Oct - Dec 2014,Jan - Mar 2015
254,2014-10-01,Amhara,22808290,21569864,21569864.0,0.0,0.0,0.0,0.0,21569864.0,0.0,0.0,0.0,0.0,13001816.0,8568048.0,0.0,0.0,0.0,21569864.0,21569864.0,21569864.0,Oct - Dec 2014,Jan - Mar 2015
255,2014-10-01,Benishangul Gumz,1204954,1139526,1139526.0,0.0,0.0,0.0,0.0,1139526.0,0.0,0.0,0.0,0.0,1139526.0,0.0,0.0,0.0,0.0,1139526.0,1139526.0,1139526.0,Oct - Dec 2014,Jan - Mar 2015
256,2014-10-01,Dire Dawa,523623,495191,0.0,495191.0,0.0,0.0,0.0,0.0,495191.0,0.0,0.0,0.0,0.0,495191.0,0.0,0.0,0.0,495191.0,495191.0,495191.0,Oct - Dec 2014,Jan - Mar 2015
257,2014-10-01,Gambela,498214,471160,471160.0,0.0,0.0,0.0,0.0,471160.0,0.0,0.0,0.0,0.0,471160.0,0.0,0.0,0.0,0.0,471160.0,471160.0,471160.0,Oct - Dec 2014,Jan - Mar 2015
258,2014-10-01,Harari,275491,260532,260532.0,0.0,0.0,0.0,0.0,260532.0,0.0,0.0,0.0,0.0,260532.0,0.0,0.0,0.0,0.0,260532.0,260532.0,260532.0,Oct - Dec 2014,Jan - Mar 2015
259,2014-10-01,Oromia,39382119,37243780,31546200.0,5697580.0,0.0,0.0,0.0,31546200.0,5697580.0,0.0,0.0,0.0,27889145.0,6841122.0,2513513.0,0.0,0.0,37243780.0,37243780.0,37243780.0,Oct - Dec 2014,Jan - Mar 2015
260,2014-10-01,SNNP,16721876,15813918,15071019.0,742899.0,0.0,0.0,0.0,15071019.0,742899.0,0.0,0.0,0.0,11125631.0,4688287.0,0.0,0.0,0.0,15813918.0,15813918.0,15813918.0,Oct - Dec 2014,Jan - Mar 2015
261,2014-10-01,Sidama,4432226,4191569,4191569.0,0.0,0.0,0.0,0.0,4191569.0,0.0,0.0,0.0,0.0,4191569.0,0.0,0.0,0.0,0.0,4191569.0,4191569.0,4191569.0,Oct - Dec 2014,Jan - Mar 2015
262,2014-10-01,Somali,6397806,6050419,0.0,6050419.0,0.0,0.0,0.0,0.0,6050419.0,0.0,0.0,0.0,0.0,6050419.0,0.0,0.0,0.0,6050419.0,6050419.0,6050419.0,Oct - Dec 2014,Jan - Mar 2015
263,2014-10-01,Tigray,5685598,5376885,5376885.0,0.0,0.0,0.0,0.0,5376885.0,0.0,0.0,0.0,0.0,3466366.0,1910519.0,0.0,0.0,0.0,5376885.0,5376885.0,5376885.0,Oct - Dec 2014,Jan - Mar 2015
264,2015-01-01,Addis Ababa,3780729,3675361,3675361.0,0.0,0.0,0.0,0.0,3675361.0,0.0,0.0,0.0,0.0,3675361.0,0.0,0.0,0.0,0.0,3675361.0,3675361.0,3675361.0,Jan - Mar 2015,Apr - Jun 2015
265,2015-01-01,Afar,2015347,1959177,0.0,1959177.0,0.0,0.0,0.0,0.0,1959177.0,0.0,0.0,0.0,0.0,1959177.0,0.0,0.0,0.0,1959177.0,1959177.0,1959177.0,Jan - Mar 2015,Apr - Jun 2015
266,2015-01-01,Amhara,22808290,22172625,21653627.0,0.0,518998.0,0.0,0.0,21653627.0,0.0,518998.0,0.0,0.0,19891469.0,1762158.0,518998.0,0.0,0.0,22172625.0,22172625.0,22172625.0,Jan - Mar 2015,Apr - Jun 2015
267,2015-01-01,Benishangul Gumz,1204954,1171369,1171369.0,0.0,0.0,0.0,0.0,1171369.0,0.0,0.0,0.0,0.0,1171369.0,0.0,0.0,0.0,0.0,1171369.0,1171369.0,1171369.0,Jan - Mar 2015,Apr - Jun 2015
268,2015-01-01,Dire Dawa,523623,509029,0.0,509029.0,0.0,0.0,0.0,0.0,509029.0,0.0,0.0,0.0,0.0,509029.0,0.0,0.0,0.0,509029.0,509029.0,509029.0,Jan - Mar 2015,Apr - Jun 2015
269,2015-01-01,Gambela,498214,484327,484327.0,0.0,0.0,0.0,0.0,484327.0,0.0,0.0,0.0,0.0,484327.0,0.0,0.0,0.0,0.0,484327.0,484327.0,484327.0,Jan - Mar 2015,Apr - Jun 2015
270,2015-01-01,Harari,275491,267813,267813.0,0.0,0.0,0.0,0.0,267813.0,0.0,0.0,0.0,0.0,267813.0,0.0,0.0,0.0,0.0,267813.0,267813.0,267813.0,Jan - Mar 2015,Apr - Jun 2015
271,2015-01-01,Oromia,39382119,38284543,30742437.0,6993081.0,549025.0,0.0,0.0,30742437.0,6993081.0,549025.0,0.0,0.0,23301165.0,12399626.0,2583752.0,0.0,0.0,38284543.0,38284543.0,38284543.0,Jan - Mar 2015,Apr - Jun 2015
272,2015-01-01,SNNP,16721876,16255832,11436534.0,4819298.0,0.0,0.0,0.0,11436534.0,4819298.0,0.0,0.0,0.0,11436534.0,4819298.0,0.0,0.0,0.0,16255832.0,16255832.0,16255832.0,Jan - Mar 2015,Apr - Jun 2015
273,2015-01-01,Sidama,4432226,4308701,4308701.0,0.0,0.0,0.0,0.0,4308701.0,0.0,0.0,0.0,0.0,4308701.0,0.0,0.0,0.0,0.0,4308701.0,4308701.0,4308701.0,Jan - Mar 2015,Apr - Jun 2015
274,2015-01-01,Somali,6397806,6219496,0.0,6219496.0,0.0,0.0,0.0,0.0,6219496.0,0.0,0.0,0.0,0.0,6219496.0,0.0,0.0,0.0,6219496.0,6219496.0,6219496.0,Jan - Mar 2015,Apr - Jun 2015
275,2015-01-01,Tigray,5685598,5527139,2792200.0,2734939.0,0.0,0.0,0.0,2792200.0,2734939.0,0.0,0.0,0.0,2792200.0,2734939.0,0.0,0.0,0.0,5527139.0,5527139.0,5527139.0,Jan - Mar 2015,Apr - Jun 2015
276,2015-04-01,Addis Ababa,3780729,3675361,3675361.0,0.0,0.0,0.0,0.0,3675361.0,0.0,0.0,0.0,0.0,3675361.0,0.0,0.0,0.0,0.0,3675361.0,3675361.0,3675361.0,Apr - Jun 2015,Jul - Sep 2015
277,2015-04-01,Afar,2015347,1959177,0.0,1658884.0,300293.0,0.0,0.0,0.0,1658884.0,300293.0,0.0,0.0,0.0,1959177.0,0.0,0.0,0.0,1959177.0,1959177.0,1959177.0,Apr - Jun 2015,Jul - Sep 2015
278,2015-04-01,Amhara,22808290,22172625,19891469.0,1762158.0,518998.0,0.0,0.0,19891469.0,1762158.0,518998.0,0.0,0.0,13460817.0,8192810.0,518998.0,0.0,0.0,22172625.0,22172625.0,22172625.0,Apr - Jun 2015,Jul - Sep 2015
279,2015-04-01,Benishangul Gumz,1204954,1171369,1171369.0,0.0,0.0,0.0,0.0,1171369.0,0.0,0.0,0.0,0.0,1171369.0,0.0,0.0,0.0,0.0,1171369.0,1171369.0,1171369.0,Apr - Jun 2015,Jul - Sep 2015
280,2015-04-01,Dire Dawa,523623,509029,0.0,509029.0,0.0,0.0,0.0,0.0,509029.0,0.0,0.0,0.0,0.0,509029.0,0.0,0.0,0.0,509029.0,509029.0,509029.0,Apr - Jun 2015,Jul - Sep 2015
281,2015-04-01,Gambela,498214,484327,484327.0,0.0,0.0,0.0,0.0,484327.0,0.0,0.0,0.0,0.0,484327.0,0.0,0.0,0.0,0.0,484327.0,484327.0,484327.0,Apr - Jun 2015,Jul - Sep 2015
282,2015-04-01,Harari,275491,267813,267813.0,0.0,0.0,0.0,0.0,267813.0,0.0,0.0,0.0,0.0,267813.0,0.0,0.0,0.0,0.0,267813.0,267813.0,267813.0,Apr - Jun 2015,Jul - Sep 2015
283,2015-04-01,Oromia,39382119,38284543,23301165.0,11850601.0,3132777.0,0.0,0.0,23301165.0,11850601.0,3132777.0,0.0,0.0,22762380.0,7980057.0,7542106.0,0.0,0.0,38284543.0,38284543.0,38284543.0,Apr - Jun 2015,Jul - Sep 2015
284,2015-04-01,SNNP,16721876,16255832,11436534.0,4819298.0,0.0,0.0,0.0,11436534.0,4819298.0,0.0,0.0,0.0,9709589.0,2066863.0,4479380.0,0.0,0.0,16255832.0,16255832.0,16255832.0,Apr - Jun 2015,Jul - Sep 2015
285,2015-04-01,Sidama,4432226,4308701,4308701.0,0.0,0.0,0.0,0.0,4308701.0,0.0,0.0,0.0,0.0,4308701.0,0.0,0.0,0.0,0.0,4308701.0,4308701.0,4308701.0,Apr - Jun 2015,Jul - Sep 2015
286,2015-04-01,Somali,6397806,6219496,0.0,6219496.0,0.0,0.0,0.0,0.0,6219496.0,0.0,0.0,0.0,0.0,6219496.0,0.0,0.0,0.0,6219496.0,6219496.0,6219496.0,Apr - Jun 2015,Jul - Sep 2015
287,2015-04-01,Tigray,5685598,5527139,1352459.0,4174680.0,0.0,0.0,0.0,1352459.0,4174680.0,0.0,0.0,0.0,1352459.0,4174680.0,0.0,0.0,0.0,5527139.0,5527139.0,5527139.0,Apr - Jun 2015,Jul - Sep 2015
288,2015-07-01,Addis Ababa,3780729,3675361,3675361.0,0.0,0.0,0.0,0.0,3675361.0,0.0,0.0,0.0,0.0,3675361.0,0.0,0.0,0.0,0.0,3675361.0,3675361.0,3675361.0,Jul - Sep 2015,Oct - Dec 2015
289,2015-07-01,Afar,2015347,1959177,0.0,1658884.0,300293.0,0.0,0.0,0.0,1658884.0,300293.0,0.0,0.0,0.0,1658884.0,300293.0,0.0,0.0,1959177.0,1959177.0,1959177.0,Jul - Sep 2015,Oct - Dec 2015
290,2015-07-01,Amhara,22808290,22172625,13460817.0,6430652.0,2281156.0,0.0,0.0,13460817.0,6430652.0,2281156.0,0.0,0.0,16593957.0,5578668.0,0.0,0.0,0.0,22172625.0,22172625.0,22172625.0,Jul - Sep 2015,Oct - Dec 2015
291,2015-07-01,Benishangul Gumz,1204954,1171369,1171369.0,0.0,0.0,0.0,0.0,1171369.0,0.0,0.0,0.0,0.0,1171369.0,0.0,0.0,0.0,0.0,1171369.0,1171369.0,1171369.0,Jul - Sep 2015,Oct - Dec 2015
292,2015-07-01,Dire Dawa,523623,509029,0.0,509029.0,0.0,0.0,0.0,0.0,509029.0,0.0,0.0,0.0,0.0,509029.0,0.0,0.0,0.0,509029.0,509029.0,509029.0,Jul - Sep 2015,Oct - Dec 2015
293,2015-07-01,Gambela,498214,484327,484327.0,0.0,0.0,0.0,0.0,484327.0,0.0,0.0,0.0,0.0,484327.0,0.0,0.0,0.0,0.0,484327.0,484327.0,484327.0,Jul - Sep 2015,Oct - Dec 2015
294,2015-07-01,Harari,275491,267813,0.0,267813.0,0.0,0.0,0.0,0.0,267813.0,0.0,0.0,0.0,0.0,267813.0,0.0,0.0,0.0,267813.0,267813.0,267813.0,Jul - Sep 2015,Oct - Dec 2015
295,2015-07-01,Oromia,39382119,38284543,22890589.0,9897050.0,5496904.0,0.0,0.0,22890589.0,9897050.0,5496904.0,0.0,0.0,26572611.0,11711932.0,0.0,0.0,0.0,38284543.0,38284543.0,38284543.0,Jul - Sep 2015,Oct - Dec 2015
296,2015-07-01,SNNP,16721876,16255832,8539243.0,2490604.0,5225985.0,0.0,0.0,8539243.0,2490604.0,5225985.0,0.0,0.0,10080417.0,6175415.0,0.0,0.0,0.0,16255832.0,16255832.0,16255832.0,Jul - Sep 2015,Oct - Dec 2015
297,2015-07-01,Sidama,4432226,4308701,4308701.0,0.0,0.0,0.0,0.0,4308701.0,0.0,0.0,0.0,0.0,4308701.0,0.0,0.0,0.0,0.0,4308701.0,4308701.0,4308701.0,Jul - Sep 2015,Oct - Dec 2015
298,2015-07-01,Somali,6397806,6219496,0.0,5576468.0,643028.0,0.0,0.0,0.0,5576468.0,643028.0,0.0,0.0,2718166.0,2858302.0,643028.0,0.0,0.0,6219496.0,6219496.0,6219496.0,Jul - Sep 2015,Oct - Dec 2015
299,2015-07-01,Tigray,5685598,5527139,1352459.0,4174680.0,0.0,0.0,0.0,1352459.0,4174680.0,0.0,0.0,0.0,2792200.0,2734939.0,0.0,0.0,0.0,5527139.0,5527139.0,5527139.0,Jul - Sep 2015,Oct - Dec 2015
300,2015-10-01,Addis Ababa,3780729,3675361,3675361.0,0.0,0.0,0.0,0.0,3675361.0,0.0,0.0,0.0,0.0,3675361.0,0.0,0.0,0.0,0.0,3675361.0,3675361.0,3675361.0,Oct - Dec 2015,Jan - Mar 2016
301,2015-10-01,Afar,2015347,1959177,0.0,0.0,1658884.0,300293.0,0.0,0.0,0.0,1658884.0,300293.0,0.0,0.0,0.0,1658884.0,300293.0,0.0,1959177.0,1959177.0,1959177.0,Oct - Dec 2015,Jan - Mar 2016
302,2015-10-01,Amhara,22808290,22172625,11130160.0,4883739.0,6158726.0,0.0,0.0,11130160.0,4883739.0,6158726.0,0.0,0.0,11130160.0,4883739.0,6158726.0,0.0,0.0,22172625.0,22172625.0,22172625.0,Oct - Dec 2015,Jan - Mar 2016
303,2015-10-01,Benishangul Gumz,1204954,1171369,1171369.0,0.0,0.0,0.0,0.0,1171369.0,0.0,0.0,0.0,0.0,1171369.0,0.0,0.0,0.0,0.0,1171369.0,1171369.0,1171369.0,Oct - Dec 2015,Jan - Mar 2016
304,2015-10-01,Dire Dawa,523623,509029,0.0,0.0,509029.0,0.0,0.0,0.0,0.0,509029.0,0.0,0.0,0.0,0.0,509029.0,0.0,0.0,509029.0,509029.0,509029.0,Oct - Dec 2015,Jan - Mar 2016
305,2015-10-01,Gambela,498214,484327,484327.0,0.0,0.0,0.0,0.0,484327.0,0.0,0.0,0.0,0.0,484327.0,0.0,0.0,0.0,0.0,484327.0,484327.0,484327.0,Oct - Dec 2015,Jan - Mar 2016
306,2015-10-01,Harari,275491,267813,0.0,0.0,267813.0,0.0,0.0,0.0,0.0,267813.0,0.0,0.0,0.0,0.0,267813.0,0.0,0.0,267813.0,267813.0,267813.0,Oct - Dec 2015,Jan - Mar 2016
307,2015-10-01,Oromia,39382119,38284543,18929671.0,7777594.0,11577278.0,0.0,0.0,18929671.0,7777594.0,11577278.0,0.0,0.0,18929671.0,7777594.0,5234276.0,6343002.0,0.0,38284543.0,38284543.0,38284543.0,Oct - Dec 2015,Jan - Mar 2016
308,2015-10-01,SNNP,16721876,16255832,8385231.0,3042913.0,4827688.0,0.0,0.0,8385231.0,3042913.0,4827688.0,0.0,0.0,8385231.0,3042913.0,4827688.0,0.0,0.0,16255832.0,16255832.0,16255832.0,Oct - Dec 2015,Jan - Mar 2016
309,2015-10-01,Sidama,4432226,4308701,4308701.0,0.0,0.0,0.0,0.0,4308701.0,0.0,0.0,0.0,0.0,4308701.0,0.0,0.0,0.0,0.0,4308701.0,4308701.0,4308701.0,Oct - Dec 2015,Jan - Mar 2016
310,2015-10-01,Somali,6397806,6219496,0.0,5576468.0,0.0,643028.0,0.0,0.0,5576468.0,0.0,643028.0,0.0,0.0,5576468.0,0.0,643028.0,0.0,6219496.0,6219496.0,6219496.0,Oct - Dec 2015,Jan - Mar 2016
311,2015-10-01,Tigray,5685598,5527139,1352459.0,0.0,4174680.0,0.0,0.0,1352459.0,0.0,4174680.0,0.0,0.0,1352459.0,0.0,4174680.0,0.0,0.0,5527139.0,5527139.0,5527139.0,Oct - Dec 2015,Jan - Mar 2016
312,2016-02-01,Addis Ababa,3780729,3776254,3776254.0,0.0,0.0,0.0,0.0,3776254.0,0.0,0.0,0.0,0.0,3776254.0,0.0,0.0,0.0,0.0,3776254.0,3776254.0,3776254.0,Feb - May 2016,Jun - Sep 2016
313,2016-02-01,Afar,2015347,2012959,0.0,0.0,1704422.0,308537.0,0.0,0.0,0.0,1704422.0,308537.0,0.0,0.0,0.0,1704422.0,308537.0,0.0,2012959.0,2012959.0,2012959.0,Feb - May 2016,Jun - Sep 2016
314,2016-02-01,Amhara,22808290,22781288,13136053.0,2394636.0,7250599.0,0.0,0.0,13136053.0,922809.0,8189181.0,533245.0,0.0,10512886.0,0.0,11139176.0,1129226.0,0.0,22781288.0,22781288.0,22781288.0,Feb - May 2016,Jun - Sep 2016
315,2016-02-01,Benishangul Gumz,1204954,1203526,1203526.0,0.0,0.0,0.0,0.0,1203526.0,0.0,0.0,0.0,0.0,1203526.0,0.0,0.0,0.0,0.0,1203526.0,1203526.0,1203526.0,Feb - May 2016,Jun - Sep 2016
316,2016-02-01,Dire Dawa,523623,523002,0.0,0.0,523002.0,0.0,0.0,0.0,0.0,523002.0,0.0,0.0,0.0,0.0,523002.0,0.0,0.0,523002.0,523002.0,523002.0,Feb - May 2016,Jun - Sep 2016
317,2016-02-01,Gambela,498214,497622,497622.0,0.0,0.0,0.0,0.0,497622.0,0.0,0.0,0.0,0.0,497622.0,0.0,0.0,0.0,0.0,497622.0,497622.0,497622.0,Feb - May 2016,Jun - Sep 2016
318,2016-02-01,Harari,275491,275164,0.0,0.0,275164.0,0.0,0.0,0.0,0.0,275164.0,0.0,0.0,0.0,0.0,275164.0,0.0,0.0,275164.0,275164.0,275164.0,Feb - May 2016,Jun - Sep 2016
319,2016-02-01,Oromia,39382119,39335495,19449311.0,7437521.0,5931539.0,6517124.0,0.0,19449311.0,3654424.0,9714636.0,6517124.0,0.0,19449311.0,2523192.0,10845868.0,6517124.0,0.0,39335495.0,39335495.0,39335495.0,Feb - May 2016,Jun - Sep 2016
320,2016-02-01,SNNP,16721876,16702072,9590905.0,3892673.0,3218494.0,0.0,0.0,9590905.0,3892673.0,3218494.0,0.0,0.0,7410176.0,7740172.0,1551724.0,0.0,0.0,16702072.0,16702072.0,16702072.0,Feb - May 2016,Jun - Sep 2016
321,2016-02-01,Sidama,4432226,4426979,4426979.0,0.0,0.0,0.0,0.0,4426979.0,0.0,0.0,0.0,0.0,4426979.0,0.0,0.0,0.0,0.0,4426979.0,4426979.0,4426979.0,Feb - May 2016,Jun - Sep 2016
322,2016-02-01,Somali,6397806,6390228,3702174.0,2027374.0,0.0,660680.0,0.0,3702174.0,2027374.0,0.0,660680.0,0.0,3977948.0,1751600.0,0.0,660680.0,0.0,6390228.0,6390228.0,6390228.0,Feb - May 2016,Jun - Sep 2016
323,2016-02-01,Tigray,5685598,5678867,467336.0,5211531.0,0.0,0.0,0.0,467336.0,5211531.0,0.0,0.0,0.0,467336.0,922250.0,4289281.0,0.0,0.0,5678867.0,5678867.0,5678867.0,Feb - May 2016,Jun - Sep 2016
324,2016-06-01,Addis Ababa,3780729,3776254,3776254.0,0.0,0.0,0.0,0.0,3776254.0,0.0,0.0,0.0,0.0,3776254.0,0.0,0.0,0.0,0.0,3776254.0,3776254.0,3776254.0,Jun - Sep 2016,Oct - Jan 2017
325,2016-06-01,Afar,2015347,2012959,0.0,1704422.0,308537.0,0.0,0.0,0.0,1704422.0,308537.0,0.0,0.0,0.0,1704422.0,308537.0,0.0,0.0,2012959.0,2012959.0,2012959.0,Jun - Sep 2016,Oct - Jan 2017
326,2016-06-01,Amhara,22808290,22781288,10512886.0,11139176.0,1129226.0,0.0,0.0,10512886.0,11139176.0,1129226.0,0.0,0.0,16891536.0,5889752.0,0.0,0.0,0.0,22781288.0,22781288.0,22781288.0,Jun - Sep 2016,Oct - Jan 2017
327,2016-06-01,Benishangul Gumz,1204954,1203526,1203526.0,0.0,0.0,0.0,0.0,1203526.0,0.0,0.0,0.0,0.0,1203526.0,0.0,0.0,0.0,0.0,1203526.0,1203526.0,1203526.0,Jun - Sep 2016,Oct - Jan 2017
328,2016-06-01,Dire Dawa,523623,523002,0.0,0.0,523002.0,0.0,0.0,0.0,0.0,523002.0,0.0,0.0,0.0,523002.0,0.0,0.0,0.0,523002.0,523002.0,523002.0,Jun - Sep 2016,Oct - Jan 2017
329,2016-06-01,Gambela,498214,497622,497622.0,0.0,0.0,0.0,0.0,497622.0,0.0,0.0,0.0,0.0,497622.0,0.0,0.0,0.0,0.0,497622.0,497622.0,497622.0,Jun - Sep 2016,Oct - Jan 2017
330,2016-06-01,Harari,275491,275164,0.0,0.0,275164.0,0.0,0.0,0.0,0.0,275164.0,0.0,0.0,0.0,275164.0,0.0,0.0,0.0,275164.0,275164.0,275164.0,Jun - Sep 2016,Oct - Jan 2017
331,2016-06-01,Oromia,39382119,39335495,19449311.0,9822362.0,10063822.0,0.0,0.0,19449311.0,9822362.0,10063822.0,0.0,0.0,30295179.0,9040316.0,0.0,0.0,0.0,39335495.0,39335495.0,39335495.0,Jun - Sep 2016,Oct - Jan 2017
332,2016-06-01,SNNP,16721876,16702072,7410176.0,6073402.0,3218494.0,0.0,0.0,7410176.0,7740172.0,1551724.0,0.0,0.0,16702072.0,0.0,0.0,0.0,0.0,16702072.0,16702072.0,16702072.0,Jun - Sep 2016,Oct - Jan 2017
333,2016-06-01,Sidama,4432226,4426979,4426979.0,0.0,0.0,0.0,0.0,4426979.0,0.0,0.0,0.0,0.0,4426979.0,0.0,0.0,0.0,0.0,4426979.0,4426979.0,4426979.0,Jun - Sep 2016,Oct - Jan 2017
334,2016-06-01,Somali,6397806,6390228,3183916.0,2545632.0,660680.0,0.0,0.0,3183916.0,2545632.0,660680.0,0.0,0.0,0.0,5729548.0,660680.0,0.0,0.0,6390228.0,6390228.0,6390228.0,Jun - Sep 2016,Oct - Jan 2017
335,2016-06-01,Tigray,5685598,5678867,467336.0,5211531.0,0.0,0.0,0.0,467336.0,5211531.0,0.0,0.0,0.0,5678867.0,0.0,0.0,0.0,0.0,5678867.0,5678867.0,5678867.0,Jun - Sep 2016,Oct - Jan 2017
336,2016-10-01,Addis Ababa,3780729,3776254,3776254.0,0.0,0.0,0.0,0.0,3776254.0,0.0,0.0,0.0,0.0,3776254.0,0.0,0.0,0.0,0.0,3776254.0,3776254.0,3776254.0,Oct - Jan 2017,Feb - May 2017
337,2016-10-01,Afar,2015347,2012959,0.0,1704422.0,308537.0,0.0,0.0,0.0,1704422.0,308537.0,0.0,0.0,0.0,1704422.0,308537.0,0.0,0.0,2012959.0,2012959.0,2012959.0,Oct - Jan 2017,Feb - May 2017
338,2016-10-01,Amhara,22808290,22781288,22248043.0,533245.0,0.0,0.0,0.0,22248043.0,533245.0,0.0,0.0,0.0,16891536.0,5356507.0,533245.0,0.0,0.0,22781288.0,22781288.0,22781288.0,Oct - Jan 2017,Feb - May 2017
339,2016-10-01,Benishangul Gumz,1204954,1203526,1203526.0,0.0,0.0,0.0,0.0,1203526.0,0.0,0.0,0.0,0.0,1203526.0,0.0,0.0,0.0,0.0,1203526.0,1203526.0,1203526.0,Oct - Jan 2017,Feb - May 2017
340,2016-10-01,Dire Dawa,523623,523002,0.0,523002.0,0.0,0.0,0.0,523002.0,0.0,0.0,0.0,0.0,0.0,523002.0,0.0,0.0,0.0,523002.0,523002.0,523002.0,Oct - Jan 2017,Feb - May 2017
341,2016-10-01,Gambela,498214,497622,497622.0,0.0,0.0,0.0,0.0,497622.0,0.0,0.0,0.0,0.0,497622.0,0.0,0.0,0.0,0.0,497622.0,497622.0,497622.0,Oct - Jan 2017,Feb - May 2017
342,2016-10-01,Harari,275491,275164,0.0,275164.0,0.0,0.0,0.0,275164.0,0.0,0.0,0.0,0.0,0.0,275164.0,0.0,0.0,0.0,275164.0,275164.0,275164.0,Oct - Jan 2017,Feb - May 2017
343,2016-10-01,Oromia,39382119,39335495,16650513.0,22684982.0,0.0,0.0,0.0,27496381.0,11839114.0,0.0,0.0,0.0,27496381.0,4060199.0,7778915.0,0.0,0.0,39335495.0,39335495.0,39335495.0,Oct - Jan 2017,Feb - May 2017
344,2016-10-01,SNNP,16721876,16702072,15630465.0,1071607.0,0.0,0.0,0.0,15630465.0,1071607.0,0.0,0.0,0.0,7892312.0,4866147.0,3943613.0,0.0,0.0,16702072.0,16702072.0,16702072.0,Oct - Jan 2017,Feb - May 2017
345,2016-10-01,Sidama,4432226,4426979,4426979.0,0.0,0.0,0.0,0.0,4426979.0,0.0,0.0,0.0,0.0,0.0,4426979.0,0.0,0.0,0.0,4426979.0,4426979.0,4426979.0,Oct - Jan 2017,Feb - May 2017
346,2016-10-01,Somali,6397806,6390228,0.0,5729548.0,660680.0,0.0,0.0,0.0,5729548.0,660680.0,0.0,0.0,0.0,1282786.0,5107442.0,0.0,0.0,6390228.0,6390228.0,6390228.0,Oct - Jan 2017,Feb - May 2017
347,2016-10-01,Tigray,5685598,5678867,5678867.0,0.0,0.0,0.0,0.0,5678867.0,0.0,0.0,0.0,0.0,1909899.0,3768968.0,0.0,0.0,0.0,5678867.0,5678867.0,5678867.0,Oct - Jan 2017,Feb - May 2017
348,2017-02-01,Addis Ababa,3780729,3878184,3878184.0,0.0,0.0,0.0,0.0,3878184.0,0.0,0.0,0.0,0.0,3878184.0,0.0,0.0,0.0,0.0,3878184.0,3878184.0,3878184.0,Feb - May 2017,Jun - Sep 2017
349,2017-02-01,Afar,2015347,2067294,0.0,1750429.0,316865.0,0.0,0.0,0.0,1750429.0,316865.0,0.0,0.0,0.0,2067294.0,0.0,0.0,0.0,2067294.0,2067294.0,2067294.0,Feb - May 2017,Jun - Sep 2017
350,2017-02-01,Amhara,22808290,23396212,22848574.0,547638.0,0.0,0.0,0.0,22848574.0,547638.0,0.0,0.0,0.0,20989172.0,1859402.0,547638.0,0.0,0.0,23396212.0,23396212.0,23396212.0,Feb - May 2017,Jun - Sep 2017
351,2017-02-01,Benishangul Gumz,1204954,1236011,1236011.0,0.0,0.0,0.0,0.0,1236011.0,0.0,0.0,0.0,0.0,1236011.0,0.0,0.0,0.0,0.0,1236011.0,1236011.0,1236011.0,Feb - May 2017,Jun - Sep 2017
352,2017-02-01,Dire Dawa,523623,537119,0.0,537119.0,0.0,0.0,0.0,0.0,537119.0,0.0,0.0,0.0,0.0,0.0,537119.0,0.0,0.0,537119.0,537119.0,537119.0,Feb - May 2017,Jun - Sep 2017
353,2017-02-01,Gambela,498214,511054,511054.0,0.0,0.0,0.0,0.0,511054.0,0.0,0.0,0.0,0.0,511054.0,0.0,0.0,0.0,0.0,511054.0,511054.0,511054.0,Feb - May 2017,Jun - Sep 2017
354,2017-02-01,Harari,275491,282592,0.0,282592.0,0.0,0.0,0.0,0.0,282592.0,0.0,0.0,0.0,0.0,282592.0,0.0,0.0,0.0,282592.0,282592.0,282592.0,Feb - May 2017,Jun - Sep 2017
355,2017-02-01,Oromia,39382119,40397261,27084967.0,11165033.0,2147261.0,0.0,0.0,27084967.0,11165033.0,2147261.0,0.0,0.0,25789366.0,9154977.0,5452918.0,0.0,0.0,40397261.0,40397261.0,40397261.0,Feb - May 2017,Jun - Sep 2017
356,2017-02-01,SNNP,16721876,17152906,8105347.0,7709841.0,1337718.0,0.0,0.0,8105347.0,7709841.0,1337718.0,0.0,0.0,7416851.0,4801625.0,4934430.0,0.0,0.0,17152906.0,17152906.0,17152906.0,Feb - May 2017,Jun - Sep 2017
357,2017-02-01,Sidama,4432226,4546475,0.0,4546475.0,0.0,0.0,0.0,0.0,4546475.0,0.0,0.0,0.0,0.0,4546475.0,0.0,0.0,0.0,4546475.0,4546475.0,4546475.0,Feb - May 2017,Jun - Sep 2017
358,2017-02-01,Somali,6397806,6562717,0.0,1317412.0,5245305.0,0.0,0.0,0.0,1317412.0,5245305.0,0.0,0.0,0.0,1995925.0,4566792.0,0.0,0.0,6562717.0,6562717.0,6562717.0,Feb - May 2017,Jun - Sep 2017
359,2017-02-01,Tigray,5685598,5832153,3480645.0,2351508.0,0.0,0.0,0.0,1961452.0,3870701.0,0.0,0.0,0.0,3480645.0,1888823.0,462685.0,0.0,0.0,5832153.0,5832153.0,5832153.0,Feb - May 2017,Jun - Sep 2017
360,2017-06-01,Addis Ababa,3780729,3878184,3878184.0,0.0,0.0,0.0,0.0,3878184.0,0.0,0.0,0.0,0.0,3878184.0,0.0,0.0,0.0,0.0,3878184.0,3878184.0,3878184.0,Jun - Sep 2017,Oct - Jan 2018
361,2017-06-01,Afar,2015347,2067294,0.0,2067294.0,0.0,0.0,0.0,0.0,2067294.0,0.0,0.0,0.0,830902.0,1236392.0,0.0,0.0,0.0,2067294.0,2067294.0,2067294.0,Jun - Sep 2017,Oct - Jan 2018
362,2017-06-01,Amhara,22808290,23396212,13867997.0,8980577.0,547638.0,0.0,0.0,16561970.0,6286604.0,547638.0,0.0,0.0,22848574.0,547638.0,0.0,0.0,0.0,23396212.0,23396212.0,23396212.0,Jun - Sep 2017,Oct - Jan 2018
363,2017-06-01,Benishangul Gumz,1204954,1236011,1236011.0,0.0,0.0,0.0,0.0,1236011.0,0.0,0.0,0.0,0.0,1236011.0,0.0,0.0,0.0,0.0,1236011.0,1236011.0,1236011.0,Jun - Sep 2017,Oct - Jan 2018
364,2017-06-01,Dire Dawa,523623,537119,0.0,0.0,537119.0,0.0,0.0,0.0,0.0,537119.0,0.0,0.0,0.0,537119.0,0.0,0.0,0.0,537119.0,537119.0,537119.0,Jun - Sep 2017,Oct - Jan 2018
365,2017-06-01,Gambela,498214,511054,511054.0,0.0,0.0,0.0,0.0,511054.0,0.0,0.0,0.0,0.0,511054.0,0.0,0.0,0.0,0.0,511054.0,511054.0,511054.0,Jun - Sep 2017,Oct - Jan 2018
366,2017-06-01,Harari,275491,282592,0.0,282592.0,0.0,0.0,0.0,0.0,282592.0,0.0,0.0,0.0,0.0,282592.0,0.0,0.0,0.0,282592.0,282592.0,282592.0,Jun - Sep 2017,Oct - Jan 2018
367,2017-06-01,Oromia,39382119,40397261,25789366.0,11881312.0,2726583.0,0.0,0.0,25789366.0,9154977.0,5452918.0,0.0,0.0,32556383.0,7840878.0,0.0,0.0,0.0,40397261.0,40397261.0,40397261.0,Jun - Sep 2017,Oct - Jan 2018
368,2017-06-01,SNNP,16721876,17152906,6415027.0,5803449.0,4934430.0,0.0,0.0,6415027.0,5803449.0,4934430.0,0.0,0.0,11216652.0,5936254.0,0.0,0.0,0.0,17152906.0,17152906.0,17152906.0,Jun - Sep 2017,Oct - Jan 2018
369,2017-06-01,Sidama,4432226,4546475,0.0,4546475.0,0.0,0.0,0.0,0.0,4546475.0,0.0,0.0,0.0,4546475.0,0.0,0.0,0.0,0.0,4546475.0,4546475.0,4546475.0,Jun - Sep 2017,Oct - Jan 2018
370,2017-06-01,Somali,6397806,6562717,0.0,1995925.0,2210628.0,2356164.0,0.0,0.0,1995925.0,2210628.0,2356164.0,0.0,0.0,3292858.0,913695.0,2356164.0,0.0,6562717.0,6562717.0,6562717.0,Jun - Sep 2017,Oct - Jan 2018
371,2017-06-01,Tigray,5685598,5832153,1427094.0,4405059.0,0.0,0.0,0.0,1427094.0,3942374.0,462685.0,0.0,0.0,5369468.0,462685.0,0.0,0.0,0.0,5832153.0,5832153.0,5832153.0,Jun - Sep 2017,Oct - Jan 2018
372,2017-10-01,Addis Ababa,3780729,3878184,3878184.0,0.0,0.0,0.0,0.0,3878184.0,0.0,0.0,0.0,0.0,3878184.0,0.0,0.0,0.0,0.0,3878184.0,3878184.0,3878184.0,Oct - Jan 2018,Feb - May 2018
373,2017-10-01,Afar,2015347,2067294,0.0,2067294.0,0.0,0.0,0.0,0.0,2067294.0,0.0,0.0,0.0,0.0,2067294.0,0.0,0.0,0.0,2067294.0,2067294.0,2067294.0,Oct - Jan 2018,Feb - May 2018
374,2017-10-01,Amhara,22808290,23396212,16561970.0,6834242.0,0.0,0.0,0.0,22848574.0,547638.0,0.0,0.0,0.0,20041454.0,2807120.0,547638.0,0.0,0.0,23396212.0,23396212.0,23396212.0,Oct - Jan 2018,Feb - May 2018
375,2017-10-01,Benishangul Gumz,1204954,1236011,1236011.0,0.0,0.0,0.0,0.0,1236011.0,0.0,0.0,0.0,0.0,1236011.0,0.0,0.0,0.0,0.0,1236011.0,1236011.0,1236011.0,Oct - Jan 2018,Feb - May 2018
376,2017-10-01,Dire Dawa,523623,537119,0.0,537119.0,0.0,0.0,0.0,0.0,537119.0,0.0,0.0,0.0,0.0,537119.0,0.0,0.0,0.0,537119.0,537119.0,537119.0,Oct - Jan 2018,Feb - May 2018
377,2017-10-01,Gambela,498214,511054,511054.0,0.0,0.0,0.0,0.0,511054.0,0.0,0.0,0.0,0.0,511054.0,0.0,0.0,0.0,0.0,511054.0,511054.0,511054.0,Oct - Jan 2018,Feb - May 2018
378,2017-10-01,Harari,275491,282592,0.0,282592.0,0.0,0.0,0.0,0.0,282592.0,0.0,0.0,0.0,0.0,282592.0,0.0,0.0,0.0,282592.0,282592.0,282592.0,Oct - Jan 2018,Feb - May 2018
379,2017-10-01,Oromia,39382119,40397261,24158911.0,16238350.0,0.0,0.0,0.0,32408374.0,7409565.0,579322.0,0.0,0.0,30964915.0,8284506.0,1147840.0,0.0,0.0,40397261.0,40397261.0,40397261.0,Oct - Jan 2018,Feb - May 2018
380,2017-10-01,SNNP,16721876,17152906,4543931.0,12608975.0,0.0,0.0,0.0,11466927.0,5685979.0,0.0,0.0,0.0,4543931.0,7364035.0,5244940.0,0.0,0.0,17152906.0,17152906.0,17152906.0,Oct - Jan 2018,Feb - May 2018
381,2017-10-01,Sidama,4432226,4546475,0.0,4546475.0,0.0,0.0,0.0,4546475.0,0.0,0.0,0.0,0.0,0.0,4546475.0,0.0,0.0,0.0,4546475.0,4546475.0,4546475.0,Oct - Jan 2018,Feb - May 2018
382,2017-10-01,Somali,6397806,6562717,0.0,3292858.0,1603387.0,1666472.0,0.0,0.0,1995925.0,2900320.0,1666472.0,0.0,0.0,1995925.0,1296933.0,3269859.0,0.0,6562717.0,6562717.0,6562717.0,Oct - Jan 2018,Feb - May 2018
383,2017-10-01,Tigray,5685598,5832153,1427094.0,4405059.0,0.0,0.0,0.0,5832153.0,0.0,0.0,0.0,0.0,4294225.0,1537928.0,0.0,0.0,0.0,5832153.0,5832153.0,5832153.0,Oct - Jan 2018,Feb - May 2018
384,2018-02-01,Addis Ababa,3780729,3981136,3981136.0,0.0,0.0,0.0,0.0,3981136.0,0.0,0.0,0.0,0.0,3981136.0,0.0,0.0,0.0,0.0,3981136.0,3981136.0,3981136.0,Feb - May 2018,Jun - Sep 2018
385,2018-02-01,Afar,2015347,2122174,0.0,2122174.0,0.0,0.0,0.0,0.0,2122174.0,0.0,0.0,0.0,0.0,2122174.0,0.0,0.0,0.0,2122174.0,2122174.0,2122174.0,Feb - May 2018,Jun - Sep 2018
386,2018-02-01,Amhara,22808290,24017298,23455122.0,562176.0,0.0,0.0,0.0,18780872.0,5236426.0,0.0,0.0,0.0,14236144.0,8246102.0,1535052.0,0.0,0.0,24017298.0,24017298.0,24017298.0,Feb - May 2018,Jun - Sep 2018
387,2018-02-01,Benishangul Gumz,1204954,1268825,1268825.0,0.0,0.0,0.0,0.0,1268825.0,0.0,0.0,0.0,0.0,1268825.0,0.0,0.0,0.0,0.0,1268825.0,1268825.0,1268825.0,Feb - May 2018,Jun - Sep 2018
388,2018-02-01,Dire Dawa,523623,551379,0.0,551379.0,0.0,0.0,0.0,0.0,551379.0,0.0,0.0,0.0,0.0,551379.0,0.0,0.0,0.0,551379.0,551379.0,551379.0,Feb - May 2018,Jun - Sep 2018
389,2018-02-01,Gambela,498214,524621,524621.0,0.0,0.0,0.0,0.0,524621.0,0.0,0.0,0.0,0.0,524621.0,0.0,0.0,0.0,0.0,524621.0,524621.0,524621.0,Feb - May 2018,Jun - Sep 2018
390,2018-02-01,Harari,275491,290094,0.0,290094.0,0.0,0.0,0.0,0.0,290094.0,0.0,0.0,0.0,0.0,290094.0,0.0,0.0,0.0,290094.0,290094.0,290094.0,Feb - May 2018,Jun - Sep 2018
391,2018-02-01,Oromia,39382119,41469662,28988213.0,9821361.0,2660088.0,0.0,0.0,28988213.0,10416062.0,2065387.0,0.0,0.0,25832698.0,6700863.0,8936101.0,0.0,0.0,41469662.0,41469662.0,41469662.0,Feb - May 2018,Jun - Sep 2018
392,2018-02-01,SNNP,16721876,17608251,4664554.0,12943697.0,0.0,0.0,0.0,6500772.0,10265278.0,842201.0,0.0,0.0,4664554.0,12943697.0,0.0,0.0,0.0,17608251.0,17608251.0,17608251.0,Feb - May 2018,Jun - Sep 2018
393,2018-02-01,Sidama,4432226,4667167,0.0,4667167.0,0.0,0.0,0.0,0.0,4667167.0,0.0,0.0,0.0,0.0,4667167.0,0.0,0.0,0.0,4667167.0,4667167.0,4667167.0,Feb - May 2018,Jun - Sep 2018
394,2018-02-01,Somali,6397806,6736935,0.0,2048910.0,4688025.0,0.0,0.0,0.0,2048910.0,4688025.0,0.0,0.0,0.0,2048910.0,1791765.0,2896260.0,0.0,6736935.0,6736935.0,6736935.0,Feb - May 2018,Jun - Sep 2018
395,2018-02-01,Tigray,5685598,5986975,4883189.0,1103786.0,0.0,0.0,0.0,1464978.0,4521997.0,0.0,0.0,0.0,1464978.0,1310146.0,3211851.0,0.0,0.0,5986975.0,5986975.0,5986975.0,Feb - May 2018,Jun - Sep 2018
396,2018-06-01,Addis Ababa,3780729,3981136,3981136.0,0.0,0.0,0.0,0.0,3981136.0,0.0,0.0,0.0,0.0,3981136.0,0.0,0.0,0.0,0.0,3981136.0,3981136.0,3981136.0,Jun - Sep 2018,Oct - Jan 2019
397,2018-06-01,Afar,2015347,2122174,0.0,2122174.0,0.0,0.0,0.0,0.0,2122174.0,0.0,0.0,0.0,0.0,2122174.0,0.0,0.0,0.0,2122174.0,2122174.0,2122174.0,Jun - Sep 2018,Oct - Jan 2019
398,2018-06-01,Amhara,22808290,24017298,14236144.0,9781154.0,0.0,0.0,0.0,14236144.0,8246102.0,1535052.0,0.0,0.0,23455122.0,562176.0,0.0,0.0,0.0,24017298.0,24017298.0,24017298.0,Jun - Sep 2018,Oct - Jan 2019
399,2018-06-01,Benishangul Gumz,1204954,1268825,1268825.0,0.0,0.0,0.0,0.0,1268825.0,0.0,0.0,0.0,0.0,1268825.0,0.0,0.0,0.0,0.0,1268825.0,1268825.0,1268825.0,Jun - Sep 2018,Oct - Jan 2019
400,2018-06-01,Dire Dawa,523623,551379,0.0,551379.0,0.0,0.0,0.0,0.0,551379.0,0.0,0.0,0.0,0.0,551379.0,0.0,0.0,0.0,551379.0,551379.0,551379.0,Jun - Sep 2018,Oct - Jan 2019
401,2018-06-01,Gambela,498214,524621,524621.0,0.0,0.0,0.0,0.0,524621.0,0.0,0.0,0.0,0.0,524621.0,0.0,0.0,0.0,0.0,524621.0,524621.0,524621.0,Jun - Sep 2018,Oct - Jan 2019
402,2018-06-01,Harari,275491,290094,0.0,290094.0,0.0,0.0,0.0,0.0,290094.0,0.0,0.0,0.0,0.0,290094.0,0.0,0.0,0.0,290094.0,290094.0,290094.0,Jun - Sep 2018,Oct - Jan 2019
403,2018-06-01,Oromia,39382119,41469662,30608866.0,6788792.0,4072004.0,0.0,0.0,30608866.0,6788792.0,4072004.0,0.0,0.0,33407576.0,3990082.0,4072004.0,0.0,0.0,41469662.0,41469662.0,41469662.0,Jun - Sep 2018,Oct - Jan 2019
404,2018-06-01,SNNP,16721876,17608251,4664554.0,11591134.0,1352563.0,0.0,0.0,13859511.0,2396177.0,1352563.0,0.0,0.0,16255688.0,81936.0,1270627.0,0.0,0.0,17608251.0,17608251.0,17608251.0,Jun - Sep 2018,Oct - Jan 2019
405,2018-06-01,Sidama,4432226,4667167,0.0,4667167.0,0.0,0.0,0.0,4667167.0,0.0,0.0,0.0,0.0,4667167.0,0.0,0.0,0.0,0.0,4667167.0,4667167.0,4667167.0,Jun - Sep 2018,Oct - Jan 2019
406,2018-06-01,Somali,6397806,6736935,0.0,2978734.0,3758201.0,0.0,0.0,0.0,4531974.0,2204961.0,0.0,0.0,0.0,4531974.0,2204961.0,0.0,0.0,6736935.0,6736935.0,6736935.0,Jun - Sep 2018,Oct - Jan 2019
407,2018-06-01,Tigray,5685598,5986975,1464978.0,4521997.0,0.0,0.0,0.0,1464978.0,4521997.0,0.0,0.0,0.0,5986975.0,0.0,0.0,0.0,0.0,5986975.0,5986975.0,5986975.0,Jun - Sep 2018,Oct - Jan 2019
408,2018-10-01,Addis Ababa,3780729,3981136,3981136.0,0.0,0.0,0.0,0.0,3981136.0,0.0,0.0,0.0,0.0,3981136.0,0.0,0.0,0.0,0.0,3981136.0,3981136.0,3981136.0,Oct - Jan 2019,Feb - May 2019
409,2018-10-01,Afar,2015347,2122174,0.0,1580942.0,541232.0,0.0,0.0,0.0,1580942.0,541232.0,0.0,0.0,0.0,1580942.0,541232.0,0.0,0.0,2122174.0,2122174.0,2122174.0,Oct - Jan 2019,Feb - May 2019
410,2018-10-01,Amhara,22808290,24017298,17807996.0,6209302.0,0.0,0.0,0.0,24017298.0,0.0,0.0,0.0,0.0,23455122.0,562176.0,0.0,0.0,0.0,24017298.0,24017298.0,24017298.0,Oct - Jan 2019,Feb - May 2019
411,2018-10-01,Benishangul Gumz,1204954,1268825,1268825.0,0.0,0.0,0.0,0.0,1268825.0,0.0,0.0,0.0,0.0,1268825.0,0.0,0.0,0.0,0.0,1268825.0,1268825.0,1268825.0,Oct - Jan 2019,Feb - May 2019
412,2018-10-01,Dire Dawa,523623,551379,0.0,551379.0,0.0,0.0,0.0,551379.0,0.0,0.0,0.0,0.0,0.0,551379.0,0.0,0.0,0.0,551379.0,551379.0,551379.0,Oct - Jan 2019,Feb - May 2019
413,2018-10-01,Gambela,498214,524621,524621.0,0.0,0.0,0.0,0.0,524621.0,0.0,0.0,0.0,0.0,524621.0,0.0,0.0,0.0,0.0,524621.0,524621.0,524621.0,Oct - Jan 2019,Feb - May 2019
414,2018-10-01,Harari,275491,290094,0.0,290094.0,0.0,0.0,0.0,290094.0,0.0,0.0,0.0,0.0,0.0,290094.0,0.0,0.0,0.0,290094.0,290094.0,290094.0,Oct - Jan 2019,Feb - May 2019
415,2018-10-01,Oromia,39382119,41469662,30608866.0,3990082.0,6870714.0,0.0,0.0,30608866.0,6788792.0,4072004.0,0.0,0.0,32533561.0,0.0,8936101.0,0.0,0.0,41469662.0,41469662.0,41469662.0,Oct - Jan 2019,Feb - May 2019
416,2018-10-01,SNNP,16721876,17608251,15428495.0,827193.0,1352563.0,0.0,0.0,16255688.0,0.0,1352563.0,0.0,0.0,13932825.0,2322863.0,1352563.0,0.0,0.0,17608251.0,17608251.0,17608251.0,Oct - Jan 2019,Feb - May 2019
417,2018-10-01,Sidama,4432226,4667167,4667167.0,0.0,0.0,0.0,0.0,4667167.0,0.0,0.0,0.0,0.0,4667167.0,0.0,0.0,0.0,0.0,4667167.0,4667167.0,4667167.0,Oct - Jan 2019,Feb - May 2019
418,2018-10-01,Somali,6397806,6736935,0.0,4006379.0,2730556.0,0.0,0.0,0.0,5087318.0,1649617.0,0.0,0.0,0.0,5087318.0,1649617.0,0.0,0.0,6736935.0,6736935.0,6736935.0,Oct - Jan 2019,Feb - May 2019
419,2018-10-01,Tigray,5685598,5986975,1464978.0,4521997.0,0.0,0.0,0.0,5986975.0,0.0,0.0,0.0,0.0,5986975.0,0.0,0.0,0.0,0.0,5986975.0,5986975.0,5986975.0,Oct - Jan 2019,Feb - May 2019
420,2019-02-01,Addis Ababa,3780729,4085168,4085168.0,0.0,0.0,0.0,0.0,4085168.0,0.0,0.0,0.0,0.0,4085168.0,0.0,0.0,0.0,0.0,4085168.0,4085168.0,4085168.0,Feb - May 2019,Jun - Sep 2019
421,2019-02-01,Afar,2015347,2177629,0.0,1315351.0,862278.0,0.0,0.0,0.0,1315351.0,862278.0,0.0,0.0,0.0,1622254.0,555375.0,0.0,0.0,2177629.0,2177629.0,2177629.0,Feb - May 2019,Jun - Sep 2019
422,2019-02-01,Amhara,22808290,24644900,24644900.0,0.0,0.0,0.0,0.0,20402845.0,4242055.0,0.0,0.0,0.0,17445905.0,6622129.0,576866.0,0.0,0.0,24644900.0,24644900.0,24644900.0,Feb - May 2019,Jun - Sep 2019
423,2019-02-01,Benishangul Gumz,1204954,1301979,1301979.0,0.0,0.0,0.0,0.0,1301979.0,0.0,0.0,0.0,0.0,1301979.0,0.0,0.0,0.0,0.0,1301979.0,1301979.0,1301979.0,Feb - May 2019,Jun - Sep 2019
424,2019-02-01,Dire Dawa,523623,565786,565786.0,0.0,0.0,0.0,0.0,0.0,565786.0,0.0,0.0,0.0,0.0,565786.0,0.0,0.0,0.0,565786.0,565786.0,565786.0,Feb - May 2019,Jun - Sep 2019
425,2019-02-01,Gambela,498214,538331,538331.0,0.0,0.0,0.0,0.0,538331.0,0.0,0.0,0.0,0.0,538331.0,0.0,0.0,0.0,0.0,538331.0,538331.0,538331.0,Feb - May 2019,Jun - Sep 2019
426,2019-02-01,Harari,275491,297674,0.0,297674.0,0.0,0.0,0.0,0.0,297674.0,0.0,0.0,0.0,0.0,297674.0,0.0,0.0,0.0,297674.0,297674.0,297674.0,Feb - May 2019,Jun - Sep 2019
427,2019-02-01,Oromia,39382119,42553314,31408711.0,6966192.0,4178411.0,0.0,0.0,29745708.0,4236592.0,8571014.0,0.0,0.0,27165776.0,6674281.0,8713257.0,0.0,0.0,42553314.0,42553314.0,42553314.0,Feb - May 2019,Jun - Sep 2019
428,2019-02-01,SNNP,16721876,18068376,15301374.0,2767002.0,0.0,0.0,0.0,8952250.0,7282009.0,1834117.0,0.0,0.0,8952250.0,7214650.0,1901476.0,0.0,0.0,18068376.0,18068376.0,18068376.0,Feb - May 2019,Jun - Sep 2019
429,2019-02-01,Sidama,4432226,4789126,4789126.0,0.0,0.0,0.0,0.0,0.0,4789126.0,0.0,0.0,0.0,0.0,4789126.0,0.0,0.0,0.0,4789126.0,4789126.0,4789126.0,Feb - May 2019,Jun - Sep 2019
430,2019-02-01,Somali,6397806,6912977,0.0,2723345.0,4189632.0,0.0,0.0,0.0,1254055.0,5658922.0,0.0,0.0,0.0,3832530.0,3080447.0,0.0,0.0,6912977.0,6912977.0,6912977.0,Feb - May 2019,Jun - Sep 2019
431,2019-02-01,Tigray,5685598,6143423,6143423.0,0.0,0.0,0.0,0.0,2360262.0,3783161.0,0.0,0.0,0.0,3960536.0,2182887.0,0.0,0.0,0.0,6143423.0,6143423.0,6143423.0,Feb - May 2019,Jun - Sep 2019
432,2019-06-01,Addis Ababa,3780729,4085168,4085168.0,0.0,0.0,0.0,0.0,4085168.0,0.0,0.0,0.0,0.0,4085168.0,0.0,0.0,0.0,0.0,4085168.0,4085168.0,4085168.0,Jun - Sep 2019,Oct - Jan 2020
433,2019-06-01,Afar,2015347,2177629,0.0,1622254.0,555375.0,0.0,0.0,0.0,1622254.0,555375.0,0.0,0.0,0.0,1622254.0,555375.0,0.0,0.0,2177629.0,2177629.0,2177629.0,Jun - Sep 2019,Oct - Jan 2020
434,2019-06-01,Amhara,22808290,24644900,17445905.0,6622129.0,576866.0,0.0,0.0,17445905.0,6622129.0,576866.0,0.0,0.0,24068034.0,576866.0,0.0,0.0,0.0,24644900.0,24644900.0,24644900.0,Jun - Sep 2019,Oct - Jan 2020
435,2019-06-01,Benishangul Gumz,1204954,1301979,1301979.0,0.0,0.0,0.0,0.0,1301979.0,0.0,0.0,0.0,0.0,1301979.0,0.0,0.0,0.0,0.0,1301979.0,1301979.0,1301979.0,Jun - Sep 2019,Oct - Jan 2020
436,2019-06-01,Dire Dawa,523623,565786,0.0,565786.0,0.0,0.0,0.0,0.0,565786.0,0.0,0.0,0.0,0.0,565786.0,0.0,0.0,0.0,565786.0,565786.0,565786.0,Jun - Sep 2019,Oct - Jan 2020
437,2019-06-01,Gambela,498214,538331,538331.0,0.0,0.0,0.0,0.0,538331.0,0.0,0.0,0.0,0.0,538331.0,0.0,0.0,0.0,0.0,538331.0,538331.0,538331.0,Jun - Sep 2019,Oct - Jan 2020
438,2019-06-01,Harari,275491,297674,0.0,297674.0,0.0,0.0,0.0,0.0,297674.0,0.0,0.0,0.0,0.0,297674.0,0.0,0.0,0.0,297674.0,297674.0,297674.0,Jun - Sep 2019,Oct - Jan 2020
439,2019-06-01,Oromia,39382119,42553314,27165776.0,3944681.0,11442857.0,0.0,0.0,27165776.0,3944681.0,11442857.0,0.0,0.0,29745708.0,4846834.0,7960772.0,0.0,0.0,42553314.0,42553314.0,42553314.0,Jun - Sep 2019,Oct - Jan 2020
440,2019-06-01,SNNP,16721876,18068376,6899286.0,8418806.0,2750284.0,0.0,0.0,6899286.0,9865260.0,1303830.0,0.0,0.0,15915738.0,848808.0,1303830.0,0.0,0.0,18068376.0,18068376.0,18068376.0,Jun - Sep 2019,Oct - Jan 2020
441,2019-06-01,Sidama,4432226,4789126,0.0,4789126.0,0.0,0.0,0.0,0.0,4789126.0,0.0,0.0,0.0,4789126.0,0.0,0.0,0.0,0.0,4789126.0,4789126.0,4789126.0,Jun - Sep 2019,Oct - Jan 2020
442,2019-06-01,Somali,6397806,6912977,0.0,1387724.0,5525253.0,0.0,0.0,0.0,2102450.0,4810527.0,0.0,0.0,0.0,3877978.0,3034999.0,0.0,0.0,6912977.0,6912977.0,6912977.0,Jun - Sep 2019,Oct - Jan 2020
443,2019-06-01,Tigray,5685598,6143423,3960536.0,2182887.0,0.0,0.0,0.0,3960536.0,2182887.0,0.0,0.0,0.0,6143423.0,0.0,0.0,0.0,0.0,6143423.0,6143423.0,6143423.0,Jun - Sep 2019,Oct - Jan 2020
444,2019-10-01,Addis Ababa,3780729,4085168,4085168.0,0.0,0.0,0.0,0.0,4085168.0,0.0,0.0,0.0,0.0,4085168.0,0.0,0.0,0.0,0.0,4085168.0,4085168.0,4085168.0,Oct - Jan 2020,Feb - May 2020
445,2019-10-01,Afar,2015347,2177629,0.0,1315351.0,862278.0,0.0,0.0,0.0,1315351.0,862278.0,0.0,0.0,0.0,1315351.0,862278.0,0.0,0.0,2177629.0,2177629.0,2177629.0,Oct - Jan 2020,Feb - May 2020
446,2019-10-01,Amhara,22808290,24644900,14608151.0,9459883.0,576866.0,0.0,0.0,21230280.0,3414620.0,0.0,0.0,0.0,14608151.0,6622129.0,3414620.0,0.0,0.0,24644900.0,24644900.0,24644900.0,Oct - Jan 2020,Feb - May 2020
447,2019-10-01,Benishangul Gumz,1204954,1301979,1301979.0,0.0,0.0,0.0,0.0,1301979.0,0.0,0.0,0.0,0.0,1301979.0,0.0,0.0,0.0,0.0,1301979.0,1301979.0,1301979.0,Oct - Jan 2020,Feb - May 2020
448,2019-10-01,Dire Dawa,523623,565786,356582.0,209204.0,0.0,0.0,0.0,356582.0,209204.0,0.0,0.0,0.0,356582.0,209204.0,0.0,0.0,0.0,565786.0,565786.0,565786.0,Oct - Jan 2020,Feb - May 2020
449,2019-10-01,Gambela,498214,538331,538331.0,0.0,0.0,0.0,0.0,538331.0,0.0,0.0,0.0,0.0,538331.0,0.0,0.0,0.0,0.0,538331.0,538331.0,538331.0,Oct - Jan 2020,Feb - May 2020
450,2019-10-01,Harari,275491,297674,0.0,297674.0,0.0,0.0,0.0,0.0,297674.0,0.0,0.0,0.0,0.0,297674.0,0.0,0.0,0.0,297674.0,297674.0,297674.0,Oct - Jan 2020,Feb - May 2020
451,2019-10-01,Oromia,39382119,42553314,27165776.0,6217926.0,9169612.0,0.0,0.0,29745708.0,4846834.0,7960772.0,0.0,0.0,33383702.0,0.0,9169612.0,0.0,0.0,42553314.0,42553314.0,42553314.0,Oct - Jan 2020,Feb - May 2020
452,2019-10-01,SNNP,16721876,18068376,7482646.0,9281900.0,1303830.0,0.0,0.0,13618418.0,4449958.0,0.0,0.0,0.0,5598445.0,8868781.0,3601150.0,0.0,0.0,18068376.0,18068376.0,18068376.0,Oct - Jan 2020,Feb - May 2020
453,2019-10-01,Sidama,4432226,4789126,4789126.0,0.0,0.0,0.0,0.0,4789126.0,0.0,0.0,0.0,0.0,0.0,4789126.0,0.0,0.0,0.0,4789126.0,4789126.0,4789126.0,Oct - Jan 2020,Feb - May 2020
454,2019-10-01,Somali,6397806,6912977,0.0,2102450.0,4810527.0,0.0,0.0,0.0,5305829.0,1607148.0,0.0,0.0,0.0,5546825.0,1366152.0,0.0,0.0,6912977.0,6912977.0,6912977.0,Oct - Jan 2020,Feb - May 2020
455,2019-10-01,Tigray,5685598,6143423,3103534.0,1907259.0,1132630.0,0.0,0.0,5010793.0,1132630.0,0.0,0.0,0.0,3103534.0,1907259.0,1132630.0,0.0,0.0,6143423.0,6143423.0,6143423.0,Oct - Jan 2020,Feb - May 2020
456,2020-02-01,Addis Ababa,3780729,4085168,4085168.0,0.0,0.0,0.0,0.0,4085168.0,0.0,0.0,0.0,0.0,4085168.0,0.0,0.0,0.0,0.0,4085168.0,4085168.0,4085168.0,Feb - May 2020,Jun - Sep 2020
457,2020-02-01,Afar,2015347,2177629,333777.0,1536949.0,306903.0,0.0,0.0,333777.0,981574.0,862278.0,0.0,0.0,0.0,568346.0,1609283.0,0.0,0.0,2177629.0,2177629.0,2177629.0,Feb - May 2020,Jun - Sep 2020
458,2020-02-01,Amhara,22808290,24644900,24068034.0,576866.0,0.0,0.0,0.0,16801170.0,7843730.0,0.0,0.0,0.0,13963416.0,6268565.0,4412919.0,0.0,0.0,24644900.0,24644900.0,24644900.0,Feb - May 2020,Jun - Sep 2020
459,2020-02-01,Benishangul Gumz,1204954,1301979,1301979.0,0.0,0.0,0.0,0.0,1301979.0,0.0,0.0,0.0,0.0,1301979.0,0.0,0.0,0.0,0.0,1301979.0,1301979.0,1301979.0,Feb - May 2020,Jun - Sep 2020
460,2020-02-01,Dire Dawa,523623,565786,356582.0,209204.0,0.0,0.0,0.0,356582.0,209204.0,0.0,0.0,0.0,356582.0,209204.0,0.0,0.0,0.0,565786.0,565786.0,565786.0,Feb - May 2020,Jun - Sep 2020
461,2020-02-01,Gambela,498214,538331,538331.0,0.0,0.0,0.0,0.0,538331.0,0.0,0.0,0.0,0.0,538331.0,0.0,0.0,0.0,0.0,538331.0,538331.0,538331.0,Feb - May 2020,Jun - Sep 2020
462,2020-02-01,Harari,275491,297674,0.0,297674.0,0.0,0.0,0.0,0.0,297674.0,0.0,0.0,0.0,0.0,297674.0,0.0,0.0,0.0,297674.0,297674.0,297674.0,Feb - May 2020,Jun - Sep 2020
463,2020-02-01,Oromia,39382119,42553314,29745708.0,3793743.0,9013863.0,0.0,0.0,29745708.0,2130740.0,10676866.0,0.0,0.0,29745708.0,610242.0,12197364.0,0.0,0.0,42553314.0,42553314.0,42553314.0,Feb - May 2020,Jun - Sep 2020
464,2020-02-01,SNNP,16721876,18068376,6174044.0,7087708.0,4806624.0,0.0,0.0,4873203.0,8168723.0,5026450.0,0.0,0.0,6303347.0,9779476.0,1985553.0,0.0,0.0,18068376.0,18068376.0,18068376.0,Feb - May 2020,Jun - Sep 2020
465,2020-02-01,Sidama,4432226,4789126,0.0,4789126.0,0.0,0.0,0.0,0.0,4789126.0,0.0,0.0,0.0,4789126.0,0.0,0.0,0.0,0.0,4789126.0,4789126.0,4789126.0,Feb - May 2020,Jun - Sep 2020
466,2020-02-01,Somali,6397806,6912977,0.0,6107479.0,805498.0,0.0,0.0,0.0,6107479.0,805498.0,0.0,0.0,0.0,5211916.0,1701061.0,0.0,0.0,6912977.0,6912977.0,6912977.0,Feb - May 2020,Jun - Sep 2020
467,2020-02-01,Tigray,5685598,6143423,5010793.0,1132630.0,0.0,0.0,0.0,3103534.0,1907259.0,1132630.0,0.0,0.0,1503260.0,2650531.0,1989632.0,0.0,0.0,6143423.0,6143423.0,6143423.0,Feb - May 2020,Jun - Sep 2020
468,2020-06-01,Addis Ababa,3780729,4085168,4085168.0,0.0,0.0,0.0,0.0,4085168.0,0.0,0.0,0.0,0.0,4085168.0,0.0,0.0,0.0,0.0,4085168.0,4085168.0,4085168.0,Jun - Sep 2020,Oct - Jan 2021
469,2020-06-01,Afar,2015347,2177629,0.0,1315351.0,862278.0,0.0,0.0,0.0,568346.0,1609283.0,0.0,0.0,0.0,568346.0,1609283.0,0.0,0.0,2177629.0,2177629.0,2177629.0,Jun - Sep 2020,Oct - Jan 2021
470,2020-06-01,Amhara,22808290,24644900,16801170.0,3601675.0,4242055.0,0.0,0.0,14210642.0,8214358.0,2219900.0,0.0,0.0,21111094.0,3533806.0,0.0,0.0,0.0,24644900.0,24644900.0,24644900.0,Jun - Sep 2020,Oct - Jan 2021
471,2020-06-01,Benishangul Gumz,1204954,1301979,1301979.0,0.0,0.0,0.0,0.0,1301979.0,0.0,0.0,0.0,0.0,1301979.0,0.0,0.0,0.0,0.0,1301979.0,1301979.0,1301979.0,Jun - Sep 2020,Oct - Jan 2021
472,2020-06-01,Dire Dawa,523623,565786,356582.0,209204.0,0.0,0.0,0.0,356582.0,209204.0,0.0,0.0,0.0,356582.0,209204.0,0.0,0.0,0.0,565786.0,565786.0,565786.0,Jun - Sep 2020,Oct - Jan 2021
473,2020-06-01,Gambela,498214,538331,336441.0,201890.0,0.0,0.0,0.0,336441.0,201890.0,0.0,0.0,0.0,538331.0,0.0,0.0,0.0,0.0,538331.0,538331.0,538331.0,Jun - Sep 2020,Oct - Jan 2021
474,2020-06-01,Harari,275491,297674,0.0,297674.0,0.0,0.0,0.0,0.0,0.0,297674.0,0.0,0.0,0.0,297674.0,0.0,0.0,0.0,297674.0,297674.0,297674.0,Jun - Sep 2020,Oct - Jan 2021
475,2020-06-01,Oromia,39382119,42553314,29745708.0,10545743.0,2261863.0,0.0,0.0,27165776.0,5543160.0,9844378.0,0.0,0.0,29745708.0,3782361.0,9025245.0,0.0,0.0,42553314.0,42553314.0,42553314.0,Jun - Sep 2020,Oct - Jan 2021
476,2020-06-01,SNNP,16721876,18068376,4873203.0,9991267.0,3203906.0,0.0,0.0,7358639.0,10028014.0,681723.0,0.0,0.0,14766114.0,3302262.0,0.0,0.0,0.0,18068376.0,18068376.0,18068376.0,Jun - Sep 2020,Oct - Jan 2021
477,2020-06-01,Sidama,4432226,4789126,0.0,4789126.0,0.0,0.0,0.0,4789126.0,0.0,0.0,0.0,0.0,4789126.0,0.0,0.0,0.0,0.0,4789126.0,4789126.0,4789126.0,Jun - Sep 2020,Oct - Jan 2021
478,2020-06-01,Somali,6397806,6912977,0.0,3542077.0,3370900.0,0.0,0.0,0.0,1686057.0,5226920.0,0.0,0.0,0.0,2102450.0,4810527.0,0.0,0.0,6912977.0,6912977.0,6912977.0,Jun - Sep 2020,Oct - Jan 2021
479,2020-06-01,Tigray,5685598,6143423,1503260.0,2944656.0,1695507.0,0.0,0.0,1503260.0,2944656.0,1695507.0,0.0,0.0,1503260.0,4640163.0,0.0,0.0,0.0,6143423.0,6143423.0,6143423.0,Jun - Sep 2020,Oct - Jan 2021
480,2020-08-01,Addis Ababa,3780729,4085168,4085168.0,0.0,0.0,0.0,0.0,4085168.0,0.0,0.0,0.0,0.0,4085168.0,0.0,0.0,0.0,0.0,4085168.0,4085168.0,4085168.0,,
481,2020-08-01,Afar,2015347,2177629,0.0,1315351.0,862278.0,0.0,0.0,0.0,234569.0,1943060.0,0.0,0.0,0.0,234569.0,1943060.0,0.0,0.0,2177629.0,2177629.0,2177629.0,,
482,2020-08-01,Amhara,22808290,24644900,16801170.0,3601675.0,4242055.0,0.0,0.0,14210642.0,8214358.0,2219900.0,0.0,0.0,21111094.0,3533806.0,0.0,0.0,0.0,24644900.0,24644900.0,24644900.0,,
483,2020-08-01,Benishangul Gumz,1204954,1301979,1301979.0,0.0,0.0,0.0,0.0,1301979.0,0.0,0.0,0.0,0.0,1301979.0,0.0,0.0,0.0,0.0,1301979.0,1301979.0,1301979.0,,
484,2020-08-01,Dire Dawa,523623,565786,356582.0,209204.0,0.0,0.0,0.0,356582.0,209204.0,0.0,0.0,0.0,356582.0,209204.0,0.0,0.0,0.0,565786.0,565786.0,565786.0,,
485,2020-08-01,Gambela,498214,538331,336441.0,201890.0,0.0,0.0,0.0,336441.0,201890.0,0.0,0.0,0.0,538331.0,0.0,0.0,0.0,0.0,538331.0,538331.0,538331.0,,
486,2020-08-01,Harari,275491,297674,0.0,297674.0,0.0,0.0,0.0,0.0,0.0,297674.0,0.0,0.0,0.0,297674.0,0.0,0.0,0.0,297674.0,297674.0,297674.0,,
487,2020-08-01,Oromia,39382119,42553314,29745708.0,10545743.0,2261863.0,0.0,0.0,27165776.0,5543160.0,9844378.0,0.0,0.0,29745708.0,3782361.0,9025245.0,0.0,0.0,42553314.0,42553314.0,42553314.0,,
488,2020-08-01,SNNP,16721876,18068376,4873203.0,9991267.0,3203906.0,0.0,0.0,7358639.0,10028014.0,681723.0,0.0,0.0,14766114.0,3302262.0,0.0,0.0,0.0,18068376.0,18068376.0,18068376.0,,
489,2020-08-01,Sidama,4432226,4789126,0.0,4789126.0,0.0,0.0,0.0,4789126.0,0.0,0.0,0.0,0.0,4789126.0,0.0,0.0,0.0,0.0,4789126.0,4789126.0,4789126.0,,
490,2020-08-01,Somali,6397806,6912977,0.0,3542077.0,3370900.0,0.0,0.0,0.0,1686057.0,5226920.0,0.0,0.0,0.0,2102450.0,4810527.0,0.0,0.0,6912977.0,6912977.0,6912977.0,,
491,2020-08-01,Tigray,5685598,6143423,1503260.0,2944656.0,1695507.0,0.0,0.0,1503260.0,2944656.0,1695507.0,0.0,0.0,1503260.0,4640163.0,0.0,0.0,0.0,6143423.0,6143423.0,6143423.0,,
492,2020-09-01,Addis Ababa,3780729,4085168,4085168.0,0.0,0.0,0.0,0.0,4085168.0,0.0,0.0,0.0,0.0,4085168.0,0.0,0.0,0.0,0.0,4085168.0,4085168.0,4085168.0,,
493,2020-09-01,Afar,2015347,2177629,0.0,1315351.0,862278.0,0.0,0.0,0.0,234569.0,1943060.0,0.0,0.0,0.0,234569.0,1943060.0,0.0,0.0,2177629.0,2177629.0,2177629.0,,
494,2020-09-01,Amhara,22808290,24644900,16801170.0,3601675.0,4242055.0,0.0,0.0,14210642.0,8214358.0,2219900.0,0.0,0.0,21111094.0,3533806.0,0.0,0.0,0.0,24644900.0,24644900.0,24644900.0,,
495,2020-09-01,Benishangul Gumz,1204954,1301979,1301979.0,0.0,0.0,0.0,0.0,1301979.0,0.0,0.0,0.0,0.0,1301979.0,0.0,0.0,0.0,0.0,1301979.0,1301979.0,1301979.0,,
496,2020-09-01,Dire Dawa,523623,565786,356582.0,209204.0,0.0,0.0,0.0,356582.0,209204.0,0.0,0.0,0.0,356582.0,209204.0,0.0,0.0,0.0,565786.0,565786.0,565786.0,,
497,2020-09-01,Gambela,498214,538331,336441.0,201890.0,0.0,0.0,0.0,336441.0,201890.0,0.0,0.0,0.0,538331.0,0.0,0.0,0.0,0.0,538331.0,538331.0,538331.0,,
498,2020-09-01,Harari,275491,297674,0.0,297674.0,0.0,0.0,0.0,0.0,0.0,297674.0,0.0,0.0,0.0,297674.0,0.0,0.0,0.0,297674.0,297674.0,297674.0,,
499,2020-09-01,Oromia,39382119,42553314,29745708.0,10545743.0,2261863.0,0.0,0.0,27165776.0,5543160.0,9844378.0,0.0,0.0,29745708.0,3782361.0,9025245.0,0.0,0.0,42553314.0,42553314.0,42553314.0,,
500,2020-09-01,SNNP,16721876,18068376,4873203.0,9991267.0,3203906.0,0.0,0.0,7358639.0,10028014.0,681723.0,0.0,0.0,14766114.0,3302262.0,0.0,0.0,0.0,18068376.0,18068376.0,18068376.0,,
501,2020-09-01,Sidama,4432226,4789126,0.0,4789126.0,0.0,0.0,0.0,4789126.0,0.0,0.0,0.0,0.0,4789126.0,0.0,0.0,0.0,0.0,4789126.0,4789126.0,4789126.0,,
502,2020-09-01,Somali,6397806,6912977,0.0,3542077.0,3370900.0,0.0,0.0,0.0,1686057.0,5226920.0,0.0,0.0,0.0,2102450.0,4810527.0,0.0,0.0,6912977.0,6912977.0,6912977.0,,
503,2020-09-01,Tigray,5685598,6143423,1503260.0,2944656.0,1695507.0,0.0,0.0,1503260.0,2944656.0,1695507.0,0.0,0.0,1503260.0,4640163.0,0.0,0.0,0.0,6143423.0,6143423.0,6143423.0,,
504,2020-10-01,Addis Ababa,3780729,4085168,4085168.0,0.0,0.0,0.0,0.0,4085168.0,0.0,0.0,0.0,0.0,4085168.0,0.0,0.0,0.0,0.0,4085168.0,4085168.0,4085168.0,Oct - Jan 2021,Feb - May 2021
505,2020-10-01,Afar,2015347,2177629,0.0,875249.0,1302380.0,0.0,0.0,0.0,234569.0,1943060.0,0.0,0.0,0.0,234569.0,1943060.0,0.0,0.0,2177629.0,2177629.0,2177629.0,Oct - Jan 2021,Feb - May 2021
506,2020-10-01,Amhara,22808290,24644900,21464658.0,3180242.0,0.0,0.0,0.0,17799469.0,6845431.0,0.0,0.0,0.0,13963416.0,7501242.0,3180242.0,0.0,0.0,24644900.0,24644900.0,24644900.0,Oct - Jan 2021,Feb - May 2021
507,2020-10-01,Benishangul Gumz,1204954,1301979,1301979.0,0.0,0.0,0.0,0.0,1301979.0,0.0,0.0,0.0,0.0,1301979.0,0.0,0.0,0.0,0.0,1301979.0,1301979.0,1301979.0,Oct - Jan 2021,Feb - May 2021
508,2020-10-01,Dire Dawa,523623,565786,356582.0,209204.0,0.0,0.0,0.0,356582.0,209204.0,0.0,0.0,0.0,356582.0,209204.0,0.0,0.0,0.0,565786.0,565786.0,565786.0,Oct - Jan 2021,Feb - May 2021
509,2020-10-01,Gambela,498214,538331,336441.0,201890.0,0.0,0.0,0.0,336441.0,201890.0,0.0,0.0,0.0,538331.0,0.0,0.0,0.0,0.0,538331.0,538331.0,538331.0,Oct - Jan 2021,Feb - May 2021
510,2020-10-01,Harari,275491,297674,0.0,297674.0,0.0,0.0,0.0,0.0,297674.0,0.0,0.0,0.0,0.0,297674.0,0.0,0.0,0.0,297674.0,297674.0,297674.0,Oct - Jan 2021,Feb - May 2021
511,2020-10-01,Oromia,39382119,42553314,23073204.0,16009407.0,3470703.0,0.0,0.0,25653136.0,5457321.0,11442857.0,0.0,0.0,23073204.0,6672504.0,12807606.0,0.0,0.0,42553314.0,42553314.0,42553314.0,Oct - Jan 2021,Feb - May 2021
512,2020-10-01,SNNP,16721876,18068376,8699718.0,9368658.0,0.0,0.0,0.0,8699718.0,8519850.0,848808.0,0.0,0.0,2720022.0,5979696.0,9368658.0,0.0,0.0,18068376.0,18068376.0,18068376.0,Oct - Jan 2021,Feb - May 2021
513,2020-10-01,Sidama,4432226,4789126,4789126.0,0.0,0.0,0.0,0.0,4789126.0,0.0,0.0,0.0,0.0,0.0,4789126.0,0.0,0.0,0.0,4789126.0,4789126.0,4789126.0,Oct - Jan 2021,Feb - May 2021
514,2020-10-01,Somali,6397806,6912977,0.0,2102450.0,4810527.0,0.0,0.0,0.0,2102450.0,4810527.0,0.0,0.0,0.0,2102450.0,4810527.0,0.0,0.0,6912977.0,6912977.0,6912977.0,Oct - Jan 2021,Feb - May 2021
515,2020-10-01,Tigray,5685598,6143423,5286421.0,857002.0,0.0,0.0,0.0,3686147.0,2457276.0,0.0,0.0,0.0,1503260.0,2182887.0,2457276.0,0.0,0.0,6143423.0,6143423.0,6143423.0,Oct - Jan 2021,Feb - May 2021
516,2021-01-01,Addis Ababa,3780729,4085168,,,,,,4085168.0,0.0,0.0,0.0,0.0,4085168.0,0.0,0.0,0.0,0.0,,4085168.0,4085168.0,,
517,2021-01-01,Afar,2015347,2177629,,,,,,0.0,234569.0,1943060.0,0.0,0.0,0.0,234569.0,1943060.0,0.0,0.0,,2177629.0,2177629.0,,
518,2021-01-01,Amhara,22808290,24644900,,,,,,16801170.0,5885089.0,1958641.0,0.0,0.0,13963416.0,6502943.0,4178541.0,0.0,0.0,,24644900.0,24644900.0,,
519,2021-01-01,Benishangul Gumz,1204954,1301979,,,,,,1301979.0,0.0,0.0,0.0,0.0,1301979.0,0.0,0.0,0.0,0.0,,1301979.0,1301979.0,,
520,2021-01-01,Dire Dawa,523623,565786,,,,,,356582.0,209204.0,0.0,0.0,0.0,356582.0,209204.0,0.0,0.0,0.0,,565786.0,565786.0,,
521,2021-01-01,Gambela,498214,538331,,,,,,336441.0,201890.0,0.0,0.0,0.0,538331.0,0.0,0.0,0.0,0.0,,538331.0,538331.0,,
522,2021-01-01,Harari,275491,297674,,,,,,0.0,297674.0,0.0,0.0,0.0,0.0,297674.0,0.0,0.0,0.0,,297674.0,297674.0,,
523,2021-01-01,Oromia,39382119,42553314,,,,,,25653136.0,5457321.0,11442857.0,0.0,0.0,23073204.0,6672504.0,12807606.0,0.0,0.0,,42553314.0,42553314.0,,
524,2021-01-01,SNNP,16721876,18068376,,,,,,8699718.0,8519850.0,848808.0,0.0,0.0,2720022.0,5979696.0,9368658.0,0.0,0.0,,18068376.0,18068376.0,,
525,2021-01-01,Sidama,4432226,4789126,,,,,,4789126.0,0.0,0.0,0.0,0.0,0.0,4789126.0,0.0,0.0,0.0,,4789126.0,4789126.0,,
526,2021-01-01,Somali,6397806,6912977,,,,,,0.0,2102450.0,4810527.0,0.0,0.0,0.0,2102450.0,4810527.0,0.0,0.0,,6912977.0,6912977.0,,
527,2021-01-01,Tigray,5685598,6143423,,,,,,0.0,505566.0,4037583.0,1600274.0,0.0,0.0,505566.0,2904953.0,2732904.0,0.0,,6143423.0,6143423.0,,
