ADMIN0,date,CS_2,CS_3,CS_4,CS_99,ML1_1,ML1_2,ML1_3,ML1_4,ML1_99,ML2_1,ML2_2,ML2_3,ML2_4,ML2_99,CS_1,CS_5,ML1_5,ML2_5,pop_CS,pop_total_CS,pop_ML1,pop_total_ML1,pop_ML2,pop_total_ML2,perc_CS_1,perc_CS_2,perc_CS_3,perc_CS_4,perc_CS_5,CS_3p,perc_CS_3p,CS_4p,perc_CS_4p,CS_2m,perc_CS_2m,perc_ML1_1,perc_ML1_2,perc_ML1_3,perc_ML1_4,perc_ML1_5,ML1_3p,perc_ML1_3p,ML1_4p,perc_ML1_4p,ML1_2m,perc_ML1_2m,perc_ML2_1,perc_ML2_2,perc_ML2_3,perc_ML2_4,perc_ML2_5,ML2_3p,perc_ML2_3p,ML2_4p,perc_ML2_4p,ML2_2m,perc_ML2_2m,perc_inc_ML2_3p,perc_inc_ML1_3p,period_ML1,period_ML2
Somalia,2009-07-01,20.723438262939453,0.0,0.0,11660247.0,0.0,20.723438262939453,0.0,0.0,11660247.0,0.0,20.723438262939453,0.0,0.0,11660247.0,0.0,0.0,0.0,0.0,20.723438262939453,11660267.723438263,20.723438262939453,11660267.723438263,20.723438262939453,11660267.723438263,0.0,100.0,0.0,0.0,0.0,0.0,0.0,0.0,0.0,20.723438262939453,100.0,0.0,100.0,0.0,0.0,0.0,0.0,0.0,0.0,0.0,20.723438262939453,100.0,0.0,100.0,0.0,0.0,0.0,0.0,0.0,0.0,0.0,20.723438262939453,100.0,0.0,0.0,Jul - Sep 2009,Oct - Dec 2009
Somalia,2009-10-01,20.723438262939453,6801017.0,4859230.5,,0.0,0.0,0.0,4859230.0,,0.0,0.0,0.0,4859230.0,,0.0,0.0,0.0,0.0,11660268.223438263,11660268.223438263,4859230.0,4859230.0,4859230.0,4859230.0,0.0,0.00017772694303277986,58.32641985309823,41.673402419958734,0.0,11660247.5,99.99982227305696,4859230.5,41.673402419958734,20.723438262939453,0.00017772694303277986,0.0,0.0,0.0,100.0,0.0,4859230.0,100.0,4859230.0,100.0,0.0,0.0,0.0,0.0,0.0,100.0,0.0,4859230.0,100.0,4859230.0,100.0,0.0,0.0,0.00017772694303630487,0.00017772694303630487,Oct - Dec 2009,Jan - Mar 2010
Somalia,2010-01-01,3070511.5,4317091.0,4599492.5,,0.0,3070511.5,4317072.0,4599510.5,,0.0,2390829.0,4964802.5,4631466.0,,0.0,0.0,0.0,0.0,11987095.0,11987095.0,11987094.0,11987094.0,11987097.5,11987097.5,0.0,25.615142784803158,36.01448891495396,38.37036830024289,0.0,8916583.5,74.38485721519685,4599492.5,38.37036830024289,3070511.5,25.615142784803158,0.0,25.61514492169662,36.01433341558847,38.37052166271492,0.0,8916582.5,74.38485507830337,4599510.5,38.37052166271492,3070511.5,25.61514492169662,0.0,19.94502005176816,41.41788702394387,38.63709292428797,0.0,9596268.5,80.05497994823185,4631466.0,38.63709292428797,2390829.0,19.94502005176816,5.670122733035001,-2.13689347106083e-06,Jan - Mar 2010,Apr - Jun 2010
Somalia,2010-04-01,3003964.0,4292968.5,4690164.0,,0.0,3003964.0,4292968.5,4690164.0,,0.0,3108558.5,5978123.5,2900414.25,,0.0,0.0,0.0,0.0,11987096.5,11987096.5,11987096.5,11987096.5,11987096.25,11987096.25,0.0,25.059980121124408,35.81324718625565,39.12677269261994,0.0,8983132.5,74.94001987887559,4690164.0,39.12677269261994,3003964.0,25.059980121124408,0.0,25.059980121124408,35.81324718625565,39.12677269261994,0.0,8983132.5,74.94001987887559,4690164.0,39.12677269261994,3003964.0,25.059980121124408,0.0,25.93253975081747,49.87132309044402,24.196137158738505,0.0,8878537.75,74.06746024918253,2900414.25,24.196137158738505,3108558.5,25.93253975081747,-0.8725596296930576,0.0,Apr - Jun 2010,Jul - Sep 2010
Somalia,2010-07-01,6806351.5,2885028.25,2295718.75,,0.0,6806351.5,2885028.25,2295718.75,,0.0,3557910.5,5665720.0,2763467.75,,0.0,0.0,0.0,0.0,11987098.5,11987098.5,11987098.5,11987098.5,11987098.25,11987098.25,0.0,56.78064212119388,24.067777953105164,19.151579925700954,0.0,5180747.0,43.21935787880612,2295718.75,19.151579925700954,6806351.5,56.78064212119388,0.0,56.78064212119388,24.067777953105164,19.151579925700954,0.0,5180747.0,43.21935787880612,2295718.75,19.151579925700954,6806351.5,56.78064212119388,0.0,29.681165748349482,47.26515026270015,23.05368398895037,0.0,8429187.75,70.31883425165051,2763467.75,23.05368398895037,3557910.5,29.681165748349482,27.099476372844393,0.0,Jul - Sep 2010,Oct - Dec 2010
Somalia,2010-10-01,6347001.5,1666470.625,3973626.0,,0.0,5368685.5,2920178.0,3698235.25,,0.0,5368667.5,2559765.75,4058665.5,,0.0,0.0,0.0,0.0,11987098.125,11987098.125,11987098.75,11987098.75,11987098.75,11987098.75,0.0,52.9486071926186,13.902202247969,33.149190559412396,0.0,5640096.625,47.05139280738139,3973626.0,33.149190559412396,6347001.5,52.9486071926186,0.0,44.78719673515662,24.36100728710523,30.85179597773815,0.0,6618413.25,55.21280326484338,3698235.25,30.85179597773815,5368685.5,44.78719673515662,0.0,44.78704657371743,21.354339389253802,33.858614037028765,0.0,6618431.25,55.212953426282574,4058665.5,33.858614037028765,5368667.5,44.78704657371743,8.161560618901184,8.16141045746199,Oct - Dec 2010,Jan - Mar 2011
Somalia,2011-01-01,6533228.285293579,1698990.0670471191,4085611.357070923,,0.0,4898322.987625122,3472567.902557373,3946938.819229126,,0.0,6176753.36390686,3050691.5359344482,3090384.8095703125,,0.0,0.0,0.0,0.0,12317829.709411621,12317829.709411621,12317829.709411621,12317829.709411621,12317829.709411621,12317829.709411621,0.0,53.03879367890407,13.79293355345691,33.16827276763902,0.0,5784601.424118042,46.96120632109593,4085611.357070923,33.16827276763902,6533228.285293579,53.03879367890407,0.0,39.76612035708275,28.191393975061256,32.04248566785599,0.0,7419506.721786499,60.233879642917245,3946938.819229126,32.04248566785599,4898322.987625122,39.76612035708275,0.0,50.144818605402705,24.76646948287913,25.088711911718164,0.0,6141076.345504761,49.855181394597295,3090384.8095703125,25.088711911718164,6176753.36390686,50.144818605402705,2.893975073501366,13.272673321821316,Jan - Mar 2011,Apr - Jun 2011
Somalia,2011-04-01,6470810.965591431,1761407.3867492676,4085611.357070923,,0.0,2654093.1345214844,5571023.765426636,4092712.809463501,,0.0,1861516.8186035156,5846798.153991699,4609514.736816406,,0.0,0.0,0.0,0.0,12317829.709411621,12317829.709411621,12317829.709411621,12317829.709411621,12317829.709411621,12317829.709411621,0.0,52.53207032605193,14.299656906309055,33.16827276763902,0.0,5847018.74382019,47.46792967394807,4085611.357070923,33.16827276763902,6470810.965591431,52.53207032605193,0.0,21.54675943030439,45.22731598708506,33.225924582610546,0.0,9663736.574890137,78.45324056969561,4092712.809463501,33.225924582610546,2654093.1345214844,21.54675943030439,0.0,15.112376632234135,47.46613885662315,37.42148451114272,0.0,10456312.890808105,84.88762336776587,4609514.736816406,37.42148451114272,1861516.8186035156,15.112376632234135,37.4196936938178,30.98531089574754,Apr - Jun 2011,Jul - Sep 2011
Somalia,2011-07-01,1923555.623840332,1644031.75,6860911.223083496,,0.0,1923555.623840332,1644031.75,1383822.3780670166,,0.0,1923555.623840332,1644031.75,1383822.3780670166,,0.0,1889331.112487793,7366419.957504272,7366419.957504272,12317829.709411621,12317829.709411621,12317829.709411621,12317829.709411621,12317829.709411621,12317829.709411621,0.0,15.616027086091396,13.346764720605393,55.6990264108077,15.33818178249551,10394274.085571289,84.3839729139086,8750242.335571289,71.03720819330321,1923555.623840332,15.616027086091396,0.0,15.616027086091396,13.346764720605393,11.234303531649626,59.802904661653585,10394274.085571289,84.3839729139086,8750242.335571289,71.03720819330321,1923555.623840332,15.616027086091396,0.0,15.616027086091396,13.346764720605393,11.234303531649626,59.802904661653585,10394274.085571289,84.3839729139086,8750242.335571289,71.03720819330321,1923555.623840332,15.616027086091396,0.0,0.0,Jul - Sep 2011,Oct - Dec 2011
Somalia,2011-10-01,1869213.160949707,3094879.9509887695,4419001.071425438,,0.0,1861516.8186035156,3131651.149904251,4451504.713757515,,0.0,2867840.2569122314,3725485.6038684845,5724503.816052437,,0.0,2934735.4934692383,2873156.994567871,0.0,12317829.676833153,12317829.676833153,12317829.676833153,12317829.676833153,12317829.676833153,12317829.676833153,0.0,15.174857990326357,25.125204944256435,35.87483499415897,23.825102071258243,10448616.515883446,84.82514200967364,7353736.564894676,59.69993706541721,1869213.160949707,15.174857990326357,0.0,15.11237667220368,25.423725055998514,36.13870974470214,23.325188527095662,10456312.858229637,84.88762332779632,7324661.708325386,59.4638982717978,1861516.8186035156,15.11237667220368,0.0,23.28202558528588,30.24465917786815,46.47331523684598,0.0,9449989.419920921,76.71797441471412,5724503.816052437,46.47331523684598,2867840.2569122314,23.28202558528588,-8.10716759495952,0.06248131812267843,Oct - Dec 2011,Jan - Mar 2012
Somalia,2012-01-01,8467858.582157135,3000069.132385254,1184734.7129859924,,0.0,7212209.308109283,4256427.270935059,1184025.8484840393,,0.0,7212209.308109283,4256427.270935059,1184025.8484840393,,0.0,0.0,0.0,0.0,12652662.427528381,12652662.427528381,12652662.427528381,12652662.427528381,12652662.427528381,12652662.427528381,0.0,66.92550781828831,23.71097110642901,9.363521075282675,0.0,4184803.8453712463,33.07449218171168,1184734.7129859924,9.363521075282675,8467858.582157135,66.92550781828831,0.0,57.001515289127525,33.6405661283933,9.357918582479178,0.0,5440453.119419098,42.99848471087248,1184025.8484840393,9.357918582479178,7212209.308109283,57.001515289127525,0.0,57.001515289127525,33.6405661283933,9.357918582479178,0.0,5440453.119419098,42.99848471087248,1184025.8484840393,9.357918582479178,7212209.308109283,57.001515289127525,9.923992529160799,9.923992529160799,Jan - Mar 2012,Apr - Jun 2012
Somalia,2012-04-01,6668359.944156647,4914886.881225586,1069415.6021461487,,0.0,6668359.944156647,5422346.813110352,561955.670261383,,0.0,6783173.009586334,5469406.823852539,400082.59408950806,,0.0,0.0,0.0,0.0,12652662.427528381,12652662.427528381,12652662.427528381,12652662.427528381,12652662.427528381,12652662.427528381,0.0,52.70321548805653,38.84468513545634,8.452099376487137,0.0,5984302.483371735,47.29678451194347,1069415.6021461487,8.452099376487137,6668359.944156647,52.70321548805653,0.0,52.70321548805653,42.85538197330673,4.441402538636744,0.0,5984302.483371735,47.29678451194347,561955.670261383,4.441402538636744,6668359.944156647,52.70321548805653,0.0,53.6106376696512,43.22731958732067,3.16204274302813,0.0,5869489.417942047,46.389362330348796,400082.59408950806,3.16204274302813,6783173.009586334,53.6106376696512,-0.9074221815946757,0.0,Apr - Jun 2012,Jul - Sep 2012
Somalia,2012-07-01,7469757.127723694,5050606.3330078125,132298.966796875,,0.0,7746193.297401428,4798735.950439453,107733.1796875,,0.0,7752873.330116272,4899789.097412109,0.0,,0.0,0.0,0.0,0.0,12652662.427528381,12652662.427528381,12652662.427528381,12652662.427528381,12652662.427528381,12652662.427528381,0.0,59.03703801874737,39.91734041697987,1.0456215642727675,0.0,5182905.2998046875,40.96296198125263,132298.966796875,1.0456215642727675,7469757.127723694,59.03703801874737,0.0,61.22184434912328,37.92668916858834,0.8514664822883843,0.0,4906469.130126953,38.77815565087672,107733.1796875,0.8514664822883843,7746193.297401428,61.22184434912328,0.0,61.27463982006155,38.72536017993845,0.0,0.0,4899789.097412109,38.72536017993845,0.0,0.0,7752873.330116272,61.27463982006155,-2.2376018013141845,-2.1848063303759133,Jul - Sep 2012,Oct - Dec 2012
Somalia,2012-10-01,7746193.297401428,4798735.950439453,107733.1796875,,0.0,7545028.5093688965,5107633.918159485,0.0,,0.0,10464034.84525299,2188627.5822753906,0.0,,0.0,0.0,0.0,0.0,12652662.427528381,12652662.427528381,12652662.427528381,12652662.427528381,12652662.427528381,12652662.427528381,0.0,61.22184434912328,37.92668916858834,0.8514664822883843,0.0,4906469.130126953,38.77815565087672,107733.1796875,0.8514664822883843,7746193.297401428,61.22184434912328,0.0,59.63194349477931,40.36805650522069,0.0,0.0,5107633.918159485,40.36805650522069,0.0,0.0,7545028.5093688965,59.63194349477931,0.0,82.70223682318753,17.297763176812467,0.0,0.0,2188627.5822753906,17.297763176812467,0.0,0.0,10464034.84525299,82.70223682318753,-21.480392474064253,1.5899008543439734,Oct - Dec 2012,Jan - Mar 2013
Somalia,2013-01-01,12722247.099193573,276734.9775390625,0.0,,0.0,12620520.536693573,378461.5400390625,0.0,,0.0,12620520.536693573,378461.5400390625,0.0,,0.0,0.0,0.0,0.0,12998982.076732635,12998982.076732635,12998982.076732635,12998982.076732635,12998982.076732635,12998982.076732635,0.0,97.87110270707734,2.1288972929226575,0.0,0.0,276734.9775390625,2.1288972929226575,0.0,0.0,12722247.099193573,97.87110270707734,0.0,97.08852941095684,2.9114705890431605,0.0,0.0,378461.5400390625,2.9114705890431605,0.0,0.0,12620520.536693573,97.08852941095684,0.0,97.08852941095684,2.9114705890431605,0.0,0.0,378461.5400390625,2.9114705890431605,0.0,0.0,12620520.536693573,97.08852941095684,0.782573296120503,0.782573296120503,Jan - Mar 2013,Apr - Jun 2013
Somalia,2013-04-01,12620520.536693573,378461.5400390625,0.0,,0.0,12620520.536693573,378461.5400390625,0.0,,0.0,12722247.099193573,276734.9775390625,0.0,,0.0,0.0,0.0,0.0,12998982.076732635,12998982.076732635,12998982.076732635,12998982.076732635,12998982.076732635,12998982.076732635,0.0,97.08852941095684,2.9114705890431605,0.0,0.0,378461.5400390625,2.9114705890431605,0.0,0.0,12620520.536693573,97.08852941095684,0.0,97.08852941095684,2.9114705890431605,0.0,0.0,378461.5400390625,2.9114705890431605,0.0,0.0,12620520.536693573,97.08852941095684,0.0,97.87110270707734,2.1288972929226575,0.0,0.0,276734.9775390625,2.1288972929226575,0.0,0.0,12722247.099193573,97.87110270707734,-0.782573296120503,0.0,Apr - Jun 2013,Jul - Sep 2013
Somalia,2013-07-01,12713405.811739922,128196.912109375,0.0,,157379.35288333893,12547790.596896172,293812.126953125,0.0,,157379.35288333893,12547790.596896172,293812.126953125,0.0,,157379.35288333893,0.0,0.0,0.0,12998982.076732635,12998982.076732635,12998982.076732635,12998982.076732635,12998982.076732635,12998982.076732635,1.2107052071795539,97.80308747787355,0.9862073149469099,0.0,0.0,128196.912109375,0.9862073149469099,0.0,0.0,12870785.16462326,99.01379268505309,1.2107052071795539,96.52902452535828,2.2602702674621757,0.0,0.0,293812.126953125,2.2602702674621757,0.0,0.0,12705169.94977951,97.73972973253782,1.2107052071795539,96.52902452535828,2.2602702674621757,0.0,0.0,293812.126953125,2.2602702674621757,0.0,0.0,12705169.94977951,97.73972973253782,1.2740629525152658,1.2740629525152658,Jul - Sep 2013,Oct - Dec 2013
Somalia,2013-10-01,12566224.821505547,275377.90234375,0.0,,0.0,12723604.174388885,275377.90234375,0.0,,0.0,12587992.589336395,245374.27255249023,165615.21484375,,157379.35288333893,0.0,0.0,0.0,12998982.076732635,12998982.076732635,12998982.076732635,12998982.076732635,12998982.076732635,12998982.076732635,1.2107052071795539,96.67083735732125,2.1184574354991934,0.0,0.0,275377.90234375,2.1184574354991934,0.0,0.0,12723604.174388885,97.88154256450082,0.0,97.88154256450082,2.1184574354991934,0.0,0.0,275377.90234375,2.1184574354991934,0.0,0.0,12723604.174388885,97.88154256450082,0.0,96.83829483747127,1.8876422100134658,1.2740629525152656,0.0,410989.48739624023,3.1617051625287313,165615.21484375,1.2740629525152656,12587992.589336395,96.83829483747127,1.043247727029538,0.0,Oct - Dec 2013,Jan - Mar 2014
Somalia,2014-01-01,13026878.83763218,202986.5380859375,127781.21875,,0.0,12709386.409314156,520478.9664039612,127781.21875,,0.0,12945976.160874367,214189.93359375,197480.5,,0.0,0.0,0.0,0.0,13357646.594468117,13357646.594468117,13357646.594468117,13357646.594468117,13357646.594468117,13357646.594468117,0.0,97.52375723899658,1.5196280022111197,0.9566147587923072,0.0,330767.7568359375,2.4762427610034266,127781.21875,0.9566147587923072,13026878.83763218,97.52375723899658,0.0,95.14689821616909,3.8964870250386046,0.9566147587923072,0.0,648260.1851539612,4.853101783830911,127781.21875,0.9566147587923072,12709386.409314156,95.14689821616909,0.0,96.91809159134186,1.6035005274241483,1.4784078812339876,0.0,411670.43359375,3.0819084086581356,197480.5,1.4784078812339876,12945976.160874367,96.91809159134186,0.6056656476547091,2.3768590228274844,Jan - Mar 2014,Apr - Jun 2014
Somalia,2014-04-01,12695867.304954529,491059.2077732086,0.0,,170720.08174037933,12806933.527610779,379992.9851169586,0.0,,1284341.4501485825,11847298.640413284,226006.50390625,0.0,,170720.08174037933,0.0,0.0,0.0,13357646.594468117,13357646.594468117,13357646.594468117,13357646.594468117,13357646.594468117,13357646.594468117,1.2780700592204668,95.04568948704141,3.676240453738115,0.0,0.0,491059.2077732086,3.676240453738115,0.0,0.0,12866587.386694908,96.32375954626188,1.2780700592204668,95.87716995682901,2.8447599839505218,0.0,0.0,379992.9851169586,2.8447599839505218,0.0,0.0,12977653.609351158,97.15524001604948,9.615027924757904,88.69300858221297,1.6919634930291347,0.0,0.0,226006.50390625,1.6919634930291347,0.0,0.0,13131640.090561867,98.30803650697086,-1.9842769607089803,-0.8314804697875933,Apr - Jun 2014,Jul - Sep 2014
Somalia,2014-07-01,11887683.197288513,1253407.4572849274,87328.8046875,,129227.13520717621,11887683.197288513,1253407.4572849274,87328.8046875,,129227.13520717621,11887683.197288513,1253407.4572849274,87328.8046875,,129227.13520717621,0.0,0.0,0.0,13357646.594468117,13357646.594468117,13357646.594468117,13357646.594468117,13357646.594468117,13357646.594468117,0.9674393935582473,88.99534145641816,9.383445268001092,0.6537738820224964,0.0,1340736.2619724274,10.037219150023589,87328.8046875,0.6537738820224964,12016910.33249569,89.96278084997641,0.9674393935582473,88.99534145641816,9.383445268001092,0.6537738820224964,0.0,1340736.2619724274,10.037219150023589,87328.8046875,0.6537738820224964,12016910.33249569,89.96278084997641,0.9674393935582473,88.99534145641816,9.383445268001092,0.6537738820224964,0.0,1340736.2619724274,10.037219150023589,87328.8046875,0.6537738820224964,12016910.33249569,89.96278084997641,0.0,0.0,Jul - Sep 2014,Oct - Dec 2014
Somalia,2014-10-01,12073961.35597992,1112965.156747818,0.0,,170720.08174037933,11840776.15309906,1346150.3596286774,0.0,,1962653.3563985825,11010747.356966019,384245.8811035156,0.0,,170720.08174037933,0.0,0.0,0.0,13357646.594468117,13357646.594468117,13357646.594468117,13357646.594468117,13357646.594468117,13357646.594468117,1.2780700592204668,90.38988470454206,8.332045236237475,0.0,0.0,1112965.156747818,8.332045236237475,0.0,0.0,12244681.437720299,91.66795476376252,1.2780700592204668,88.64417896789358,10.07775097288595,0.0,0.0,1346150.3596286774,10.07775097288595,0.0,0.0,12011496.23483944,89.92224902711405,14.693107371259456,82.4302939825191,2.8765986462214514,0.0,0.0,384245.8811035156,2.8765986462214514,0.0,0.0,12973400.713364601,97.12340135377855,-5.455446590016024,1.7457057366484747,Oct - Dec 2014,Jan - Mar 2015
Somalia,2015-01-01,10302950.581188202,391196.69921875,0.0,,3030077.734977722,10302950.581188202,391196.69921875,0.0,,157143.923828125,13567081.09155655,0.0,0.0,,3030077.734977722,0.0,0.0,0.0,13724225.015384674,13724225.015384674,13724225.015384674,13724225.015384674,13724225.015384674,13724225.015384674,22.07831576341138,75.0712741130281,2.8504101235605197,0.0,0.0,391196.69921875,2.8504101235605197,0.0,0.0,13333028.316165924,97.14958987643948,22.07831576341138,75.0712741130281,2.8504101235605197,0.0,0.0,391196.69921875,2.8504101235605197,0.0,0.0,13333028.316165924,97.14958987643948,1.1450112749679398,98.85498872503206,0.0,0.0,0.0,0.0,0.0,0.0,0.0,13724225.015384674,100.0,-2.8504101235605197,0.0,Jan - Mar 2015,Apr - Jun 2015
Somalia,2015-04-01,13274837.893314362,449387.1220703125,0.0,,0.0,13274837.893314362,393367.7158203125,56019.40625,,0.0,13427071.920658112,297153.0947265625,0.0,,0.0,0.0,0.0,0.0,13724225.015384674,13724225.015384674,13724225.015384674,13724225.015384674,13724225.015384674,13724225.015384674,0.0,96.72559199833466,3.2744080016653436,0.0,0.0,449387.1220703125,3.2744080016653436,0.0,0.0,13274837.893314362,96.72559199833466,0.0,96.72559199833466,2.866228988371675,0.4081790132936686,0.0,449387.1220703125,3.2744080016653436,56019.40625,0.4081790132936686,13274837.893314362,96.72559199833466,0.0,97.83482787265979,2.1651721273402162,0.0,0.0,297153.0947265625,2.1651721273402162,0.0,0.0,13427071.920658112,97.83482787265979,-1.1092358743251274,0.0,Apr - Jun 2015,Jul - Sep 2015
Somalia,2015-07-01,12702998.123783112,668060.8540039062,0.0,,353166.03759765625,12702998.123783112,668060.8540039062,0.0,,0.0,13102414.172611237,621810.8427734375,0.0,,353166.03759765625,0.0,0.0,0.0,13724225.015384674,13724225.015384674,13724225.015384674,13724225.015384674,13724225.015384674,13724225.015384674,2.573304045960787,92.5589467495849,4.867749204454305,0.0,0.0,668060.8540039062,4.867749204454305,0.0,0.0,13056164.161380768,95.13225079554569,2.573304045960787,92.5589467495849,4.867749204454305,0.0,0.0,668060.8540039062,4.867749204454305,0.0,0.0,13056164.161380768,95.13225079554569,0.0,95.46924622646164,4.530753773538366,0.0,0.0,621810.8427734375,4.530753773538366,0.0,0.0,13102414.172611237,95.46924622646164,-0.3369954309159393,0.0,Jul - Sep 2015,Oct - Dec 2015
Somalia,2015-10-01,12105398.924564362,1452449.5073242188,0.0,,2024867.5527744293,10186527.407922745,1304145.4340820312,208684.62060546875,,2605976.3867588043,10214886.156457901,903362.4721679688,0.0,,166376.58349609375,0.0,0.0,0.0,13724225.015384674,13724225.015384674,13724225.015384674,13724225.015384674,13724225.015384674,13724225.015384674,1.2122839964339538,88.20460835489341,10.583107648672636,0.0,0.0,1452449.5073242188,10.583107648672636,0.0,0.0,12271775.508060455,89.41689235132736,14.753966438939756,74.222969941864,9.502506936603718,1.5205566825925403,0.0,1512830.0546875,11.023063619196257,208684.62060546875,1.5205566825925403,12211394.960697174,88.97693638080374,18.988149668469728,74.42960272807498,6.582247603455288,0.0,0.0,903362.4721679688,6.582247603455288,0.0,0.0,12820862.543216705,93.41775239654471,-4.0008600452173475,0.4399559705236218,Oct - Dec 2015,Jan - Mar 2016
Somalia,2016-02-01,10230038.910758018,1678025.7765197754,0.0,,1029208.9615478516,11406717.013541222,1678025.7765197754,0.0,,2747618.151784897,11181461.131073952,184872.46875,0.0,,2205887.0643310547,0.0,0.0,0.0,14113951.751608849,14113951.751608849,14113951.751608849,14113951.751608849,14113951.751608849,14113951.751608849,15.629124310132388,72.48174778259319,11.889127907274426,0.0,0.0,1678025.7765197754,11.889127907274426,0.0,0.0,12435925.975089073,88.11087209272557,7.292138868411054,80.81873322431451,11.889127907274426,0.0,0.0,1678025.7765197754,11.889127907274426,0.0,0.0,12435925.975089073,88.11087209272557,19.467390849424547,79.22275297419363,1.3098561763818302,0.0,0.0,184872.46875,1.3098561763818302,0.0,0.0,13929079.282858849,98.69014382361817,-10.579271730892597,0.0,Feb - May 2016,Jun - Sep 2016
Somalia,2016-06-01,7917477.598534584,1797578.9928894043,0.0,,4279720.798635483,8065172.845826149,1769058.1071472168,0.0,,0.0,7413039.139883995,6700912.6117248535,0.0,,4398895.16018486,0.0,0.0,0.0,14113951.751608849,14113951.751608849,14113951.751608849,14113951.751608849,14113951.751608849,14113951.751608849,31.166998708801952,56.096816383349704,12.736184907848353,0.0,0.0,1797578.9928894043,12.736184907848353,0.0,0.0,12316372.758719444,87.26381509215166,30.322625965811724,57.14326496055083,12.534109073637453,0.0,0.0,1769058.1071472168,12.534109073637453,0.0,0.0,12344893.644461632,87.46589092636255,0.0,52.52277512595991,47.47722487404009,0.0,0.0,6700912.6117248535,47.47722487404009,0.0,0.0,7413039.139883995,52.52277512595991,34.741039966191735,-0.20207583421090014,Jun - Sep 2016,Oct - Jan 2017
Somalia,2016-10-01,12312137.323028564,1425894.8458862305,0.0,,375919.7374267578,12312137.323028564,1425894.8458862305,0.0,,375919.7374267578,10576379.061798096,3161653.107116699,0.0,,375919.7374267578,0.0,0.0,0.0,14113951.906341553,14113951.906341553,14113951.906341553,14113951.906341553,14113951.906341553,14113951.906341553,2.663461941214728,87.23380527814174,10.10273278064353,0.0,0.0,1425894.8458862305,10.10273278064353,0.0,0.0,12688057.060455322,89.89726721935646,2.663461941214728,87.23380527814174,10.10273278064353,0.0,0.0,1425894.8458862305,10.10273278064353,0.0,0.0,12688057.060455322,89.89726721935646,2.663461941214728,74.93563200428657,22.400906054498698,0.0,0.0,3161653.107116699,22.400906054498698,0.0,0.0,10952298.799224854,77.59909394550131,12.298173273855168,0.0,Oct - Jan 2017,Feb - May 2017
Somalia,2017-02-01,10390378.973358154,2528741.955078125,1593349.7065429688,,0.0,6778169.958282471,6136460.275817871,1597840.4008789062,,0.0,6492774.7015686035,5796205.950500488,2223489.9829101562,,0.0,0.0,0.0,0.0,14512470.634979248,14512470.634979248,14512470.634979248,14512470.634979248,14512470.634979248,14512470.634979248,0.0,71.59621014711539,17.424613759307984,10.979176093576621,0.0,4122091.6616210938,28.403789852884604,1593349.7065429688,10.979176093576621,10390378.973358154,71.59621014711539,0.0,46.70583065260523,42.28404956098398,11.010119786410794,0.0,7734300.676696777,53.29416934739477,1597840.4008789062,11.010119786410794,6778169.958282471,46.70583065260523,0.0,44.73927882354601,39.93948443575112,15.321236740702874,0.0,8019695.9334106445,55.260721176454,2223489.9829101562,15.321236740702874,6492774.7015686035,44.73927882354601,26.856931323569395,24.890379494510167,Feb - May 2017,Jun - Sep 2017
Somalia,2017-06-01,7056242.132904053,5059768.14465332,2396460.357421875,,0.0,5403664.7738342285,4673484.138671875,4435321.7224731445,,0.0,5409689.099456787,6367229.1290893555,2735552.4064331055,,0.0,0.0,0.0,0.0,14512470.634979248,14512470.634979248,14512470.634979248,14512470.634979248,14512470.634979248,14512470.634979248,0.0,48.6219218655745,34.86496732305399,16.51311081137152,0.0,7456228.502075195,51.37807813442551,2396460.357421875,16.51311081137152,7056242.132904053,48.6219218655745,0.0,37.234630200111035,32.20322890719536,30.562140892693606,0.0,9108805.86114502,62.76536979988897,4435321.7224731445,30.562140892693606,5403664.7738342285,37.234630200111035,0.0,37.27614157177258,43.87419130235822,18.849667125869207,0.0,9102781.535522461,62.723858428227416,2735552.4064331055,18.849667125869207,5409689.099456787,37.27614157177258,11.345780293801909,11.387291665463465,Jun - Sep 2017,Oct - Jan 2018
Somalia,2017-10-01,5866814.329925537,7282741.386413574,1362914.9186401367,,0.0,6595697.610565186,3490954.9635009766,4425818.060913086,,0.0,3855551.276763916,4282380.900634766,6374538.457580566,,0.0,0.0,0.0,0.0,14512470.634979248,14512470.634979248,14512470.634979248,14512470.634979248,14512470.634979248,14512470.634979248,0.0,40.42602033443444,50.18264339402047,9.391336271545093,0.0,8645656.305053711,59.57397966556557,1362914.9186401367,9.391336271545093,5866814.329925537,40.42602033443444,0.0,45.448482043213566,24.054863236634336,30.4966547201521,0.0,7916773.0244140625,54.551517956786434,4425818.060913086,30.4966547201521,6595697.610565186,45.448482043213566,0.0,26.56715988434749,29.508282968118397,43.92455714753411,0.0,10656919.358215332,73.43284011565251,6374538.457580566,43.92455714753411,3855551.276763916,26.56715988434749,13.858860450086944,-5.022461708779133,Oct - Jan 2018,Feb - May 2018
Somalia,2018-02-01,5433418.492858887,4448669.361694336,0.0,,3897394.1212768555,3145957.154602051,6747752.734130859,1136211.6533203125,,3811057.903076172,4394428.040588379,6508404.86907959,213424.8505859375,,5045227.8087768555,0.0,0.0,0.0,14927315.663330078,14927315.663330078,14927315.663330078,14927315.663330078,14927315.663330078,14927315.663330078,33.79862744626474,36.39916657089548,29.80220598283978,0.0,0.0,4448669.361694336,29.80220598283978,0.0,0.0,10478646.301635742,70.19779401716022,26.109142522195448,21.075170014192835,45.2040600354366,7.611627428175116,0.0,7883964.387451172,52.81568746361172,1136211.6533203125,7.611627428175116,7043351.275878906,47.18431253638828,25.530765135745632,29.438836423775623,43.600638024074954,1.429760416403798,0.0,6721829.719665527,45.03039844047875,213424.8505859375,1.429760416403798,8205485.943664551,54.96960155952125,15.228192457638968,23.013481480771937,Feb - May 2018,Jun - Sep 2018
Somalia,2018-06-01,8383331.812255859,2278841.4916381836,0.0,,2358927.8747558594,8522018.70904541,3832944.228942871,213424.8505859375,,3436589.409057617,11277301.403686523,0.0,213424.8505859375,,4265142.359436035,0.0,0.0,0.0,14927315.663330078,14927315.663330078,14927315.663330078,14927315.663330078,14927315.663330078,14927315.663330078,28.57273508266215,56.16101381744113,15.26625109989672,0.0,0.0,2278841.4916381836,15.26625109989672,0.0,0.0,12648474.171691895,84.73374890010328,15.80276004044531,57.09009510651873,25.67738443663215,1.429760416403798,0.0,4046369.0795288086,27.10714485303595,213424.8505859375,1.429760416403798,10880946.58380127,72.89285514696405,23.02215272033017,75.54808686326602,0.0,1.429760416403798,0.0,213424.8505859375,1.429760416403798,213424.8505859375,1.429760416403798,14713890.81274414,98.57023958359619,-13.836490683492922,11.84089375313923,Jun - Sep 2018,Oct - Jan 2019
Somalia,2018-10-01,10624010.084655762,1280307.8344726562,0.0,,2573173.6143188477,11668488.964050293,472228.234375,213424.8505859375,,2573173.6143188477,10537993.57635498,1602723.6220703125,213424.8505859375,,3022997.74420166,0.0,0.0,0.0,14927315.663330078,14927315.663330078,14927315.663330078,14927315.663330078,14927315.663330078,14927315.663330078,20.251449171319198,71.17160462248637,8.576946206194432,0.0,0.0,1280307.8344726562,8.576946206194432,0.0,0.0,13647007.828857422,91.42305379380556,17.238019697272268,78.16870244604456,3.163517440279362,1.429760416403798,0.0,685653.0849609375,4.5932778566831605,213424.8505859375,1.429760416403798,14241662.57836914,95.40672214331684,17.238019697272268,70.59536901361473,10.7368508727092,1.429760416403798,0.0,1816148.47265625,12.166611289112996,213424.8505859375,1.429760416403798,13111167.190673828,87.83338871088701,3.5896650829185646,-3.9836683495112712,Oct - Jan 2019,Feb - May 2019
Somalia,2019-02-01,7957856.668121338,396462.6005859375,0.0,,4694456.643798828,6163219.101867676,4500704.850067139,0.0,,4086485.955078125,11050980.001983643,0.0,220914.638671875,,7004061.327026367,0.0,0.0,0.0,15358380.595733643,15358380.595733643,15358380.595733643,15358380.595733643,15358380.595733643,15358380.595733643,45.6041656434273,51.81442547615942,2.581408880413275,0.0,0.0,396462.6005859375,2.581408880413275,0.0,0.0,14961917.995147705,97.41859111958672,30.566091356681753,40.12935519764198,29.30455344567627,0.0,0.0,4500704.850067139,29.30455344567627,0.0,0.0,10857675.745666504,70.69544655432372,26.607531501161635,71.95407050306763,0.0,1.4383979957707402,0.0,220914.638671875,1.4383979957707402,220914.638671875,1.4383979957707402,15137465.957061768,98.56160200422927,-1.1430108846425346,26.723144565262995,Feb - May 2019,Jun - Sep 2019
Somalia,2019-06-01,6559194.098754883,5607744.002044678,220914.638671875,,514254.50177001953,6939344.987426758,5158106.212890625,2746674.8936462402,,1399696.5139770508,7406307.363891602,6331462.079193115,220914.638671875,,2970527.856262207,0.0,0.0,0.0,15358380.595733643,15358380.595733643,15358380.595733643,15358380.595733643,15358380.595733643,15358380.595733643,19.341413228731817,42.707589240085255,36.512599535412186,1.4383979957707402,0.0,5828658.640716553,37.95099753118293,220914.638671875,1.4383979957707402,9529721.95501709,62.04900246881707,3.34836409714233,45.182790881965886,33.58496151816605,17.88388350272574,0.0,7904781.106536865,51.468845020891784,2746674.8936462402,17.88388350272574,7453599.489196777,48.531154979108216,9.113568356066578,48.22323107391268,41.22480257425,1.4383979957707402,0.0,6552376.71786499,42.66320057002074,220914.638671875,1.4383979957707402,8806003.877868652,57.33679942997926,4.7122030388378136,13.517847489708856,Jun - Sep 2019,Oct - Jan 2020
Somalia,2019-10-01,8935879.780761719,4762241.341033936,630794.9975585938,,1029464.4763793945,5185776.840332031,8291065.848876953,852073.4301452637,,1029464.4763793945,13418193.292236328,910722.8271179199,0.0,,1029464.4763793945,0.0,0.0,0.0,15358380.595733643,15358380.595733643,15358380.595733643,15358380.595733643,15358380.595733643,15358380.595733643,6.702949376481569,58.18243482808331,31.007444511153892,4.107171284281237,0.0,5393036.338592529,35.11461579543513,630794.9975585938,4.107171284281237,9965344.257141113,64.88538420456487,6.702949376481569,33.7651278271654,53.98398481660301,5.547937979750017,0.0,9143139.279022217,59.53192279635303,852073.4301452637,5.547937979750017,6215241.316711426,40.46807720364697,6.702949376481569,87.36724037144728,5.929810252071151,0.0,0.0,910722.8271179199,5.929810252071151,0.0,0.0,14447657.768615723,94.07018974792885,-29.18480554336398,24.4173070009179,Oct - Jan 2020,Feb - May 2020
Somalia,2020-02-01,12328530.50390625,875047.046875,0.0,,2788861.055999756,11362558.483459473,1655169.275817871,0.0,,2788861.055999756,7062554.423828125,5955173.335449219,0.0,,2603011.2644958496,0.0,0.0,0.0,15806588.8152771,15806588.8152771,15806588.8152771,15806588.8152771,15806588.8152771,15806588.8152771,16.46788750511454,77.99614861867413,5.5359638762113255,0.0,0.0,875047.046875,5.5359638762113255,0.0,0.0,14931541.7684021,94.46403612378867,17.643661694446788,71.88495010686643,10.471388198686782,0.0,0.0,1655169.275817871,10.471388198686782,0.0,0.0,14151419.539459229,89.52861180131322,17.643661694446788,44.68107892451882,37.675259381034394,0.0,0.0,5955173.335449219,37.675259381034394,0.0,0.0,9851415.47982788,62.3247406189656,32.13929550482307,4.935424322475456,Feb - May 2020,Jun - Sep 2020
Somalia,2020-06-01,12038021.5625,2597769.75,0.0,,1170796.875,10894163.0,3741630.25,0.0,,1486922.875,5439604.5,8880065.0,0.0,,1170796.875,0.0,0.0,0.0,15806588.1875,15806588.1875,15806590.125,15806590.125,15806592.375,15806592.375,7.407018270558079,76.15825388567902,16.4347278437629,0.0,0.0,2597769.75,16.4347278437629,0.0,0.0,13208818.4375,83.5652721562371,7.407017362639433,68.92165175314811,23.67133088421245,0.0,0.0,3741630.25,23.67133088421245,0.0,0.0,12064959.875,76.32866911578755,9.406979314224264,34.413517923087454,56.17950276268828,0.0,0.0,8880065.0,56.17950276268828,0.0,0.0,6926527.375,43.82049723731172,39.74477491892538,7.236603040449548,Jun - Sep 2020,Oct - Jan 2021
Somalia,2020-08-01,0.0,0.0,0.0,,1170796.875,10894163.0,3741630.25,0.0,,1486922.875,5439604.5,8880065.0,0.0,,0.0,0.0,0.0,0.0,0.0,0.0,15806590.125,15806590.125,15806592.375,15806592.375,,,,,,0.0,,0.0,,0.0,,7.407017362639433,68.92165175314811,23.67133088421245,0.0,0.0,3741630.25,23.67133088421245,0.0,0.0,12064959.875,76.32866911578755,9.406979314224264,34.413517923087454,56.17950276268828,0.0,0.0,8880065.0,56.17950276268828,0.0,0.0,6926527.375,43.82049723731172,,,,
Somalia,2020-10-01,10186666.208068848,3411649.541809082,0.0,,2208273.06539917,10186666.208068848,3411649.541809082,0.0,,929421.3339538574,9226994.290222168,5650173.191101074,0.0,,2208273.06539917,0.0,0.0,0.0,15806588.8152771,15806588.8152771,15806588.8152771,15806588.8152771,15806588.8152771,15806588.8152771,13.970585881660119,64.44569620374648,21.58371791459341,0.0,0.0,3411649.541809082,21.58371791459341,0.0,0.0,12394939.273468018,78.41628208540658,13.970585881660119,64.44569620374648,21.58371791459341,0.0,0.0,3411649.541809082,21.58371791459341,0.0,0.0,12394939.273468018,78.41628208540658,5.879961481983829,58.374355137929946,35.74568338008623,0.0,0.0,5650173.191101074,35.74568338008623,0.0,0.0,10156415.624176025,64.25431661991378,14.161965465492816,0.0,Oct - Jan 2021,Feb - May 2021
Somalia,2020-11-01,0.0,0.0,0.0,,2208273.06539917,10186666.208068848,3367841.438293457,43808.103515625,,929421.3339538574,9226994.290222168,5606365.087585449,43808.103515625,,0.0,0.0,0.0,0.0,0.0,0.0,15806588.8152771,15806588.8152771,15806588.8152771,15806588.8152771,,,,,,0.0,,0.0,,0.0,,13.970585881660119,64.44569620374648,21.30656701234887,0.2771509022445398,0.0,3411649.541809082,21.58371791459341,43808.103515625,0.2771509022445398,12394939.273468018,78.41628208540658,5.879961481983829,58.374355137929946,35.468532477841684,0.2771509022445398,0.0,5650173.191101074,35.74568338008623,43808.103515625,0.2771509022445398,10156415.624176025,64.25431661991378,,,,
